id,email_address,first_name,last_name,address,city,county_name,state,zip,website_source,phone_number,gender,dob,registration_date,valid,extra,email_id,ethnicity,ownrent,domain,main_interest,sub_interest,latitude,longitude,uploaded,country,websource_id,interest_ids,DNC,source,first_name_norm,last_name_norm,zip_norm
1,lisa.ramirez1@example.com,Lisa,Ramirez,5213 Main St,New York,New York County,CA,92310,test.org,485-778-6225,M,1953-06-26,2025-04-28,1,,email_1,Hispanic,Rent,test.org,health,casual,47.227230,-89.467644,2025-04-28,US,12,"29,57",,manual,lisa,ramirez,92310
2,lisa.baker2@example.com,Lisa,Baker,8803 Main St,Denver,Denver County,DC,20708,business.io,222-656-3244,Other,2001-05-10,2026-08-25,1,,email_2,,Own,business.io,travel,fitness,41.511640,-105.974860,2026-08-25,US,48,"30,73",0,web,lisa,baker,20708
3,michelle.davis3@web.net,Michelle,Davis,1287 Main St,Houston,Houston County,NH,03956,business.io,802-469-1074,F,1996-07-13,2024-08-19,1,,email_3,,Rent,business.io,music,investing,46.714228,-79.662514,2024-08-19,US,86,"2,73",0,manual,michelle,davis,03956
4,anthony.allen4@mail.com,Anthony,Allen,5292 Main St,San Antonio,San Antonio County,WV,24683,example.com,449-849-6427,F,1983-09-10,2025-07-15,1,,email_4,Black,Own,example.com,food,domestic,43.184946,-93.938714,2025-07-15,US,29,"45,93",1,api,anthony,allen,24683
5,andrew.rodriguez5@mail.com,Andrew,Rodriguez,5464 Main St,Houston,Houston County,OR,97828,business.io,537-524-7850,F,1981-07-03,2026-10-01,1,,email_5,White,Own,business.io,health,investing,47.943532,-80.326161,2026-10-01,US,2,"28,88",1,api,andrew,rodriguez,97828
6,david.brown6@example.com,David,Brown,1559 Main St,Chicago,Chicago County,WA,98088,business.io,937-425-4541,M,1951-07-06,2023-01-26,1,,email_6,White,,business.io,food,organic,46.320332,-98.297983,2023-01-26,US,76,"2,84",,manual,david,brown,98088
7,george.martinez7@company.co,George,Martinez,7092 Main St,Dallas,Dallas County,AZ,86822,example.com,906-803-1287,Other,1951-03-12,2023-10-20,1,,email_7,Hispanic,,example.com,music,investing,46.843647,-82.157487,2023-10-20,US,57,"43,56",1,manual,george,martinez,86822
8,matthew.young8@web.net,Matthew,Young,6849 Main St,Denver,Denver County,MN,55848,business.io,610-295-1244,M,2001-02-15,2026-07-20,1,,email_8,White,,business.io,technology,fitness,33.486754,-123.881696,2026-07-20,US,9,"35,54",,web,matthew,young,55848
9,charles.young9@web.net,Charles,Young,8230 Main St,Columbus,Columbus County,RI,03555,business.io,789-595-2169,M,1977-03-07,2026-08-01,1,,email_9,Black,Rent,business.io,health,mobile,32.072614,-99.565488,2026-08-01,US,34,"14,74",1,api,charles,young,03555
10,timothy.mitchell10@test.org,Timothy,Mitchell,1317 Main St,Phoenix,Phoenix County,SD,57336,example.com,394-671-7388,Other,1964-08-04,2024-09-20,1,,email_10,Hispanic,Own,example.com,health,domestic,26.668022,-89.835819,2024-09-20,US,63,"27,98",0,api,timothy,mitchell,57336
11,joseph.nelson11@test.org,Joseph,Nelson,5918 Main St,Seattle,Seattle County,PA,15269,web.net,731-201-8811,Other,2003-04-09,2022-12-22,1,,email_11,White,Own,web.net,finance,casual,37.385739,-95.694785,2022-12-22,US,44,"9,73",1,api,joseph,nelson,15269
12,michael.rodriguez12@company.co,Michael,Rodriguez,7443 Main St,Seattle,Seattle County,MS,39047,web.net,411-959-2327,Other,1982-09-14,2020-10-15,1,,email_12,Other,Rent,web.net,fashion,organic,39.270499,-115.175438,2020-10-15,US,59,"10,52",1,import,michael,rodriguez,39047
13,matthew.harris13@business.io,Matthew,Harris,6470 Main St,Denver,Denver County,ID,84680,web.net,282-765-5992,Other,1982-08-06,2021-06-23,1,,email_13,Hispanic,,web.net,sports,casual,26.908879,-82.066795,2021-06-23,US,11,"4,60",0,manual,matthew,harris,84680
14,robert.sanchez14@example.com,Robert,Sanchez,305 Main St,San Diego,San Diego County,NM,88396,example.com,990-732-9805,F,1982-12-05,2021-03-10,1,,email_14,,,example.com,health,organic,46.772291,-119.506438,2021-03-10,US,16,"31,89",,web,robert,sanchez,88396
15,emily.wilson15@business.io,Emily,Wilson,691 Main St,San Jose,San Jose County,DE,19360,web.net,755-935-1010,M,1963-11-24,2021-10-12,1,,email_15,Black,Rent,web.net,travel,casual,25.654176,-108.816565,2021-10-12,US,42,"35,82",,api,emily,wilson,19360
16,brian.martin16@example.com,Brian,Martin,4033 Main St,Dallas,Dallas County,MI,48156,example.com,869-504-5019,M,2005-10-19,2025-02-27,1,,email_16,Black,Rent,example.com,fashion,mobile,30.897177,-101.337199,2025-02-27,US,58,"7,76",1,import,brian,martin,48156
17,daniel.garcia17@mail.com,Daniel,Garcia,1217 Main St,Austin,Austin County,NV,88530,example.com,693-100-4490,M,1973-05-06,2025-08-27,1,,email_17,Black,Rent,example.com,technology,football,35.797624,-92.619434,2025-08-27,US,35,"38,71",0,import,daniel,garcia,88530
18,thomas.anderson18@business.io,Thomas,Anderson,3356 Main St,Jacksonville,Jacksonville County,CA,91489,company.co,873-934-5564,M,1987-01-14,2024-01-25,1,,email_18,Asian,Own,company.co,sports,fitness,34.341756,-85.556499,2024-01-25,US,51,"6,83",1,api,thomas,anderson,91489
19,matthew.garcia19@mail.com,Matthew,Garcia,7995 Main St,Charlotte,Charlotte County,AL,35949,example.com,774-607-8949,M,1997-12-03,2021-02-03,1,,email_19,,Own,example.com,finance,football,35.376504,-114.222670,2021-02-03,US,28,"45,77",,web,matthew,garcia,35949
20,andrew.perez20@web.net,Andrew,Perez,7073 Main St,Austin,Austin County,RI,02959,web.net,814-254-9783,F,1957-09-12,2024-02-03,1,,email_20,Hispanic,Rent,web.net,sports,organic,45.704240,-77.634632,2024-02-03,US,87,"5,90",1,api,andrew,perez,02959
21,john.smith21@test.org,John,Smith,9159 Main St,Los Angeles,Los Angeles County,NE,68805,company.co,370-465-2180,M,2000-04-15,2024-10-15,1,,email_21,Asian,Rent,company.co,technology,organic,30.197914,-110.707585,2024-10-15,US,81,"47,61",0,api,john,smith,68805
22,steven.rodriguez22@test.org,Steven,Rodriguez,4907 Main St,Philadelphia,Philadelphia County,ME,04420,mail.com,468-237-4750,F,1998-04-08,2025-12-16,1,,email_22,Asian,Rent,mail.com,music,rock,28.376943,-70.970210,2025-12-16,US,25,"25,91",,web,steven,rodriguez,04420
23,deborah.wright23@example.com,Deborah,Wright,255 Main St,Fort Worth,Fort Worth County,WA,99232,test.org,664-400-8659,Other,1954-10-21,2025-05-26,1,,email_23,Other,Rent,test.org,travel,fitness,45.974495,-81.663082,2025-05-26,US,26,"25,64",,api,deborah,wright,99232
24,margaret.gonzalez24@test.org,Margaret,Gonzalez,4698 Main St,Denver,Denver County,MS,39751,mail.com,820-185-1058,Other,2000-02-10,2025-05-22,1,,email_24,,Rent,mail.com,food,fitness,41.867077,-94.273635,2025-05-22,US,41,"46,81",1,api,margaret,gonzalez,39751
25,brian.anderson25@mail.com,Brian,Anderson,3490 Main St,San Diego,San Diego County,TN,38306,web.net,859-716-6070,Other,1964-01-06,2026-10-21,1,,email_25,White,Rent,web.net,technology,fitness,34.386151,-81.351263,2026-10-21,US,31,"23,60",,web,brian,anderson,38306
26,michael.wright26@mail.com,Michael,Wright,1026 Main St,Washington,Washington County,NV,88517,mail.com,204-382-7568,M,1969-06-22,2022-01-19,1,,email_26,Hispanic,,mail.com,sports,mobile,27.641874,-73.214384,2022-01-19,US,48,"42,69",,web,michael,wright,88517
27,thomas.jackson27@example.com,Thomas,Jackson,3497 Main St,Charlotte,Charlotte County,KY,41628,business.io,360-792-9256,Other,1966-04-17,2026-02-14,1,,email_27,Asian,Own,business.io,food,casual,45.223917,-76.900181,2026-02-14,US,51,"17,86",,manual,thomas,jackson,41628
28,sarah.thompson28@web.net,Sarah,Thompson,5548 Main St,Columbus,Columbus County,AZ,86861,mail.com,665-249-3457,F,1974-04-09,2022-06-02,1,,email_28,White,,mail.com,fashion,mobile,44.815830,-111.688446,2022-06-02,US,43,"8,54",,api,sarah,thompson,86861
29,charles.white29@mail.com,Charles,White,7896 Main St,San Antonio,San Antonio County,ND,58551,test.org,528-306-1460,F,1982-08-27,2024-04-19,1,,email_29,Other,Own,test.org,health,casual,31.312107,-98.920376,2024-04-19,US,12,"41,76",,api,charles,white,58551
30,timothy.adams30@example.com,Timothy,Adams,876 Main St,Dallas,Dallas County,CT,06379,example.com,801-261-6818,Other,1976-11-19,2020-12-24,1,,email_30,Black,Own,example.com,technology,football,35.458304,-87.478061,2020-12-24,US,6,"38,70",,api,timothy,adams,06379
31,jennifer.moore31@business.io,Jennifer,Moore,1181 Main St,Phoenix,Phoenix County,SC,29775,mail.com,475-842-1299,Other,1962-04-16,2025-07-06,1,,email_31,Other,Rent,mail.com,finance,organic,40.498430,-123.741358,2025-07-06,US,31,"39,76",,import,jennifer,moore,29775
32,kimberly.lewis32@business.io,Kimberly,Lewis,1710 Main St,Chicago,Chicago County,WI,54430,web.net,822-367-8064,M,1992-05-05,2024-04-09,1,,email_32,Asian,,web.net,travel,investing,30.276706,-101.275035,2024-04-09,US,22,"3,60",1,import,kimberly,lewis,54430
33,margaret.lee33@company.co,Margaret,Lee,1089 Main St,San Diego,San Diego County,RI,02159,business.io,214-182-8833,Other,1955-03-05,2023-10-08,1,,email_33,,Rent,business.io,health,casual,29.575782,-84.641274,2023-10-08,US,97,"49,71",1,web,margaret,lee,02159
34,jessica.lee34@company.co,Jessica,Lee,1959 Main St,San Diego,San Diego County,LA,71166,web.net,479-503-3913,Other,1977-05-24,2021-01-16,1,,email_34,Other,Rent,web.net,travel,investing,31.967167,-124.014169,2021-01-16,US,93,"4,68",0,web,jessica,lee,71166
35,andrew.hall35@test.org,Andrew,Hall,8643 Main St,Austin,Austin County,FL,32199,business.io,543-354-2248,M,1986-03-13,2021-08-09,1,,email_35,Hispanic,Rent,business.io,health,football,47.516026,-89.895038,2021-08-09,US,4,"44,85",0,import,andrew,hall,32199
36,carol.jones36@test.org,Carol,Jones,8251 Main St,Washington,Washington County,KS,67501,business.io,904-953-7022,Other,1958-07-12,2023-01-23,1,,email_36,Asian,Rent,business.io,sports,organic,38.810366,-76.359673,2023-01-23,US,39,"39,78",0,import,carol,jones,67501
37,jessica.thomas37@example.com,Jessica,Thomas,3181 Main St,Charlotte,Charlotte County,NY,12783,test.org,515-247-3352,Other,1964-12-22,2022-10-11,1,,email_37,Asian,,test.org,sports,rock,38.607740,-104.461449,2022-10-11,US,62,"35,66",,manual,jessica,thomas,12783
38,andrew.roberts38@test.org,Andrew,Roberts,8410 Main St,Jacksonville,Jacksonville County,AZ,85842,web.net,479-278-3460,Other,2005-05-06,2022-05-12,1,,email_38,Other,Rent,web.net,food,football,32.474796,-119.481071,2022-05-12,US,46,"35,61",0,import,andrew,roberts,85842
39,susan.baker39@business.io,Susan,Baker,6056 Main St,Los Angeles,Los Angeles County,WA,99025,web.net,849-382-9353,F,1988-06-14,2023-06-27,1,,email_39,Black,,web.net,fashion,mobile,42.689043,-100.593587,2023-06-27,US,27,"36,80",1,import,susan,baker,99025
40,dorothy.smith40@web.net,Dorothy,Smith,8579 Main St,Austin,Austin County,NM,88251,company.co,598-136-3122,M,1979-08-22,2021-07-24,1,,email_40,Asian,Own,company.co,sports,rock,38.421208,-120.999052,2021-07-24,US,62,"27,80",1,web,dorothy,smith,88251
41,william.roberts41@example.com,William,Roberts,8309 Main St,Jacksonville,Jacksonville County,CT,06404,company.co,386-793-4301,Other,1980-02-28,2024-08-03,1,,email_41,Asian,,company.co,health,organic,32.624688,-123.953547,2024-08-03,US,28,"38,90",,manual,william,roberts,06404
42,mark.smith42@test.org,Mark,Smith,7249 Main St,Dallas,Dallas County,LA,71086,test.org,326-898-6747,Other,1986-04-17,2026-03-05,1,,email_42,Other,Own,test.org,finance,casual,27.310758,-76.460172,2026-03-05,US,84,"48,57",1,manual,mark,smith,71086
43,george.white43@mail.com,George,White,9966 Main St,Los Angeles,Los Angeles County,PA,18430,example.com,363-295-7470,Other,2004-04-11,2020-10-27,1,,email_43,,Own,example.com,sports,domestic,39.817323,-121.864147,2020-10-27,US,4,"35,90",0,web,george,white,18430
44,thomas.jackson44@company.co,Thomas,Jackson,7951 Main St,Los Angeles,Los Angeles County,FL,33511,example.com,440-190-3177,Other,2001-01-15,2024-11-03,1,,email_44,Other,,example.com,music,fitness,40.219843,-86.632797,2024-11-03,US,45,"44,88",1,api,thomas,jackson,33511
45,michael.lee45@mail.com,Michael,Lee,5676 Main St,Dallas,Dallas County,HI,96677,test.org,458-268-2502,M,1989-11-04,2021-08-23,1,,email_45,Hispanic,Rent,test.org,technology,domestic,44.432866,-80.717764,2021-08-23,US,57,"27,62",,manual,michael,lee,96677
46,david.scott46@test.org,David,Scott,4325 Main St,San Antonio,San Antonio County,NM,87897,mail.com,774-849-5174,M,2000-07-11,2025-09-26,1,,email_46,Other,Own,mail.com,finance,organic,36.850004,-99.789633,2025-09-26,US,65,"23,90",,web,david,scott,87897
47,mark.scott47@web.net,Mark,Scott,3538 Main St,Indianapolis,Indianapolis County,KY,41011,company.co,939-852-7366,Other,1993-12-23,2020-02-14,1,,email_47,Other,Own,company.co,travel,football,35.930293,-101.464241,2020-02-14,US,62,"7,74",1,api,mark,scott,41011
48,charles.king48@business.io,Charles,King,9419 Main St,Jacksonville,Jacksonville County,MD,21250,business.io,285-928-6926,F,1998-02-13,2020-09-09,1,,email_48,Hispanic,Own,business.io,food,investing,28.294655,-82.675518,2020-09-09,US,78,"47,85",,api,charles,king,21250
49,sarah.thompson49@business.io,Sarah,Thompson,3464 Main St,Denver,Denver County,GA,31594,mail.com,585-441-4966,Other,1958-05-07,2022-08-07,1,,email_49,Hispanic,Rent,mail.com,finance,domestic,42.916078,-100.001735,2022-08-07,US,36,"39,51",,manual,sarah,thompson,31594
50,dorothy.moore50@company.co,Dorothy,Moore,670 Main St,San Antonio,San Antonio County,IA,50331,test.org,914-256-6209,M,1952-01-08,2020-08-16,1,,email_50,,Own,test.org,health,fitness,34.384255,-116.154013,2020-08-16,US,30,"11,76",,import,dorothy,moore,50331
51,barbara.lopez51@web.net,Barbara,Lopez,8797 Main St,Houston,Houston County,ND,58146,web.net,383-866-7475,F,1983-09-05,2024-06-25,1,,email_51,White,Rent,web.net,sports,casual,33.379320,-70.435878,2024-06-25,US,93,"41,67",,import,barbara,lopez,58146
52,elizabeth.roberts52@mail.com,Elizabeth,Roberts,8510 Main St,Philadelphia,Philadelphia County,IN,47376,company.co,664-427-4833,M,1999-10-11,2020-12-03,1,,email_52,,Rent,company.co,food,domestic,46.599797,-70.712610,2020-12-03,US,94,"36,91",0,web,elizabeth,roberts,47376
53,karen.thomas53@example.com,Karen,Thomas,7078 Main St,Fort Worth,Fort Worth County,IA,51539,mail.com,495-449-5877,Other,1957-07-17,2021-04-23,1,,email_53,Other,Own,mail.com,finance,rock,26.246531,-117.250530,2021-04-23,US,48,"29,82",1,api,karen,thomas,51539
54,michelle.martinez54@mail.com,Michelle,Martinez,8269 Main St,Fort Worth,Fort Worth County,MA,01611,web.net,523-989-1635,F,2002-11-07,2020-11-14,1,,email_54,White,Own,web.net,sports,rock,39.211541,-99.460659,2020-11-14,US,21,"35,58",0,api,michelle,martinez,01611
55,robert.white55@web.net,Robert,White,1814 Main St,Indianapolis,Indianapolis County,MT,59371,company.co,500-128-2702,F,1957-01-14,2020-07-28,1,,email_55,White,Rent,company.co,finance,domestic,30.823292,-98.724892,2020-07-28,US,97,"45,64",,import,robert,white,59371
56,steven.hall56@business.io,Steven,Hall,5519 Main St,Austin,Austin County,NC,27290,business.io,893-265-1446,M,1999-07-16,2021-06-15,1,,email_56,Hispanic,,business.io,technology,investing,27.263424,-87.187060,2021-06-15,US,71,"49,66",0,web,steven,hall,27290
57,donna.thomas57@business.io,Donna,Thomas,6658 Main St,Jacksonville,Jacksonville County,WA,99722,web.net,945-966-4728,F,1993-04-24,2026-09-27,1,,email_57,Hispanic,Own,web.net,health,organic,33.855515,-78.046087,2026-09-27,US,94,"9,93",0,api,donna,thomas,99722
58,barbara.wright58@company.co,Barbara,Wright,9907 Main St,Phoenix,Phoenix County,NJ,08538,test.org,462-386-7593,Other,1960-09-17,2022-12-09,1,,email_58,,Rent,test.org,music,rock,44.779202,-80.251706,2022-12-09,US,70,"8,63",1,api,barbara,wright,08538
59,james.rivera59@business.io,James,Rivera,7547 Main St,Denver,Denver County,WY,83360,business.io,432-360-6685,F,1953-05-01,2020-05-11,1,,email_59,Black,,business.io,finance,organic,36.128439,-100.954543,2020-05-11,US,79,"42,75",0,web,james,rivera,83360
60,sarah.harris60@web.net,Sarah,Harris,466 Main St,Denver,Denver County,NH,03851,company.co,814-579-9472,Other,1958-10-11,2025-09-17,1,,email_60,White,Rent,company.co,health,casual,30.026098,-87.626201,2025-09-17,US,56,"22,63",1,import,sarah,harris,03851
61,steven.lee61@web.net,Steven,Lee,2582 Main St,Chicago,Chicago County,DE,19093,test.org,433-107-9900,Other,1956-09-02,2021-08-25,1,,email_61,,,test.org,fashion,organic,44.654269,-109.319268,2021-08-25,US,89,"38,51",1,manual,steven,lee,19093
62,jessica.green62@mail.com,Jessica,Green,3171 Main St,Los Angeles,Los Angeles County,WI,53564,company.co,981-789-4461,M,1982-05-09,2022-01-27,1,,email_62,Other,Own,company.co,technology,mobile,44.326434,-77.350804,2022-01-27,US,51,"33,70",1,web,jessica,green,53564
63,james.king63@mail.com,James,King,1423 Main St,San Diego,San Diego County,WV,26532,example.com,691-377-2879,M,1996-10-28,2026-05-26,1,,email_63,,Own,example.com,sports,domestic,31.190968,-72.034696,2026-05-26,US,10,"35,87",0,api,james,king,26532
64,melissa.moore64@business.io,Melissa,Moore,4389 Main St,Los Angeles,Los Angeles County,NM,88588,web.net,225-290-2555,Other,1971-11-15,2022-07-19,1,,email_64,Other,Own,web.net,health,rock,31.662365,-121.956817,2022-07-19,US,98,"40,79",0,api,melissa,moore,88588
65,,Deborah,Carter,6132 Main St,Dallas,Dallas County,OK,73753,business.io,432-510-9640,F,1952-05-14,2025-02-12,0,,email_65,White,Own,business.io,finance,domestic,36.834640,-84.059496,2025-02-12,US,73,"45,52",,web,deborah,carter,73753
66,,Nancy,Campbell,6615 Main St,Houston,Houston County,MO,64261,test.org,258-563-1137,F,1982-12-11,2026-02-04,0,,email_66,Hispanic,,test.org,sports,organic,32.179202,-83.876496,2026-02-04,US,36,"1,71",0,manual,nancy,campbell,64261
67,,James,Lee,5254 Main St,San Francisco,San Francisco County,MI,49483,company.co,569-202-2422,Other,1982-12-01,2023-04-07,0,,email_67,White,Rent,company.co,music,rock,47.004098,-75.742348,2023-04-07,US,57,"40,88",,manual,james,lee,49483
68,,George,Ramirez,3001 Main St,Columbus,Columbus County,PA,16985,example.com,462-909-1024,Other,1977-06-05,2023-08-21,1,,email_68,Black,,example.com,music,fitness,45.688323,-82.199703,2023-08-21,US,95,"40,99",0,import,george,ramirez,16985
69,,Barbara,Adams,300 Main St,Phoenix,Phoenix County,TN,38498,company.co,422-607-8621,F,1982-08-03,2026-12-23,0,,email_69,,Own,company.co,travel,organic,43.510288,-88.452630,2026-12-23,US,50,"3,89",,api,barbara,adams,38498
70,,Timothy,Hill,3190 Main St,San Jose,San Jose County,DE,19636,mail.com,428-703-2439,F,1965-02-23,2023-06-12,1,,email_70,,Rent,mail.com,technology,organic,27.340535,-92.739012,2023-06-12,US,7,"18,87",1,import,timothy,hill,19636
71,,Sandra,Perez,2662 Main St,Chicago,Chicago County,WV,26033,example.com,953-337-5767,F,1962-08-18,2024-11-03,1,,email_71,Hispanic,,example.com,music,investing,31.095236,-110.647407,2024-11-03,US,76,"17,74",,manual,sandra,perez,26033
72,,Margaret,Nguyen,7125 Main St,San Diego,San Diego County,AK,99421,example.com,447-678-7757,F,1964-07-04,2024-03-06,1,,email_72,Other,Own,example.com,technology,domestic,46.270452,-74.156605,2024-03-06,US,43,"23,76",0,manual,margaret,nguyen,99421
73,not-an-email,Deborah,Flores,6180 Main St,San Jose,San Jose County,NM,87831,example.com,860-501-8183,M,1970-07-09,2023-08-23,1,,email_73,White,,example.com,music,domestic,35.043596,-103.835785,2023-08-23,US,23,"47,68",0,api,deborah,flores,87831
74,@missing-local.com,John,Hall,3361 Main St,San Antonio,San Antonio County,DC,20310,mail.com,490-515-2371,Other,1999-03-22,2026-01-18,1,,email_74,Other,Own,mail.com,health,domestic,34.202599,-93.741319,2026-01-18,US,16,"20,76",0,web,john,hall,20310
75,not-an-email,Thomas,Hill,9055 Main St,Chicago,Chicago County,NY,14765,mail.com,979-543-8256,F,1990-08-15,2024-09-20,1,,email_75,,,mail.com,travel,investing,44.464003,-80.918429,2024-09-20,US,26,"18,77",0,manual,thomas,hill,14765
76,@missing-local.com,George,Adams,2162 Main St,San Francisco,San Francisco County,ID,83134,example.com,731-259-1453,M,1971-05-22,2020-12-04,0,,email_76,Black,Own,example.com,food,rock,27.922920,-100.373796,2020-12-04,US,89,"14,62",1,web,george,adams,83134
77,double@@at.com,Kimberly,Roberts,4804 Main St,San Francisco,San Francisco County,HI,97800,test.org,389-136-7832,Other,1953-07-20,2023-11-21,1,,email_77,Other,,test.org,travel,investing,35.358609,-79.686428,2023-11-21,US,84,"45,73",1,api,kimberly,roberts,97800
78,@missing-local.com,Richard,Moore,7114 Main St,San Diego,San Diego County,NV,88643,business.io,445-568-6892,M,1958-11-08,2026-12-11,0,,email_78,,Own,business.io,fashion,organic,32.781069,-100.434894,2026-12-11,US,87,"16,74",,web,richard,moore,88643
79,no-at-sign,Lisa,Williams,134 Main St,Houston,Houston County,NE,68543,company.co,627-541-1039,M,1976-02-08,2026-10-27,0,,email_79,,Own,company.co,technology,casual,42.453709,-101.116003,2026-10-27,US,76,"28,74",0,import,lisa,williams,68543
80,bbb.ramirez@test.org,bbb,Ramirez,2734 Main St,Columbus,Columbus County,ND,58774,test.org,638-623-3684,Other,1964-01-12,2023-09-08,0,,email_80,,,test.org,health,fitness,45.344067,-78.281508,2023-09-08,US,94,"42,75",1,api,bbb,ramirez,58774
81,test.martin@company.co,test,Martin,9833 Main St,San Diego,San Diego County,CT,06739,example.com,653-750-2918,M,1961-05-14,2021-04-17,1,,email_81,White,Own,example.com,travel,investing,38.452699,-110.230354,2021-04-17,US,66,"21,85",1,import,test,martin,06739
82,asdf.martinez@mail.com,asdf,Martinez,3721 Main St,Columbus,Columbus County,NY,14818,business.io,291-989-9350,F,1957-10-08,2020-01-22,1,,email_82,Asian,Rent,business.io,health,rock,38.626726,-79.865264,2020-01-22,US,48,"45,89",0,api,asdf,martinez,14818
83,aaa.lopez@web.net,aaa,Lopez,1290 Main St,Indianapolis,Indianapolis County,OH,45837,test.org,606-459-2490,Other,1980-07-26,2020-09-10,0,,email_83,,Rent,test.org,finance,investing,28.736750,-111.723155,2020-09-10,US,24,"13,68",0,api,aaa,lopez,45837
84,asdf.garcia@mail.com,asdf,Garcia,7680 Main St,Washington,Washington County,NH,03412,mail.com,366-710-8009,Other,1961-02-03,2026-02-10,0,,email_84,Black,Own,mail.com,health,domestic,35.365954,-124.509711,2026-02-10,US,86,"47,59",0,api,asdf,garcia,03412
85,deborah.xyz@mail.com,Deborah,xyz,8751 Main St,Houston,Houston County,WY,82887,web.net,461-803-9386,F,1989-01-20,2021-02-05,0,,email_85,Black,,web.net,music,rock,27.241073,-102.671083,2021-02-05,US,79,"23,67",1,import,deborah,xyz,82887
86,james.dummy@company.co,James,dummy,2550 Main St,San Jose,San Jose County,MN,55688,mail.com,564-617-1500,Other,1959-07-27,2021-07-22,0,,email_86,Asian,Rent,mail.com,fashion,casual,45.659112,-70.860907,2021-07-22,US,65,"41,89",0,web,james,dummy,55688
87,daniel.qwerty@business.io,Daniel,qwerty,5154 Main St,Fort Worth,Fort Worth County,OR,97871,mail.com,222-915-7739,Other,1961-08-02,2022-04-12,0,,email_87,Other,Own,mail.com,food,rock,47.031837,-88.005337,2022-04-12,US,92,"29,72",,web,daniel,qwerty,97871
88,donna.qwerty@company.co,Donna,qwerty,1278 Main St,Jacksonville,Jacksonville County,MN,55083,business.io,325-359-2681,M,1977-10-26,2023-10-23,1,,email_88,Hispanic,Rent,business.io,music,mobile,38.247680,-99.947952,2023-10-23,US,30,"39,53",,web,donna,qwerty,55083
89,michael.dummy@test.org,Michael,dummy,7662 Main St,New York,New York County,OR,97887,mail.com,271-998-9212,F,1969-09-27,2021-07-11,1,,email_89,Asian,,mail.com,travel,football,47.254942,-111.446590,2021-07-11,US,67,"50,100",,manual,michael,dummy,97887
90,matthew.baker@business.io,Matthew,Baker,2124 Main St,Austin,Austin County,CA,20454,business.io,390-739-6206,F,1979-02-22,2021-04-26,1,,email_90,Black,,business.io,travel,casual,39.506792,-100.471582,2021-04-26,US,49,"32,93",,api,matthew,baker,20454
91,joshua.young@mail.com,Joshua,Young,264 Main St,Phoenix,Phoenix County,WA,52299,test.org,707-969-9187,M,1968-06-20,2025-01-28,0,,email_91,Asian,,test.org,sports,domestic,39.878127,-123.127246,2025-01-28,US,12,"27,63",0,import,joshua,young,52299
92,kimberly.green@web.net,Kimberly,Green,3783 Main St,Austin,Austin County,SD,68685,test.org,820-763-4428,M,1965-03-28,2021-07-12,1,,email_92,Hispanic,,test.org,finance,football,32.941751,-83.934652,2021-07-12,US,32,"2,84",0,import,kimberly,green,68685
93,james.hernandez@mail.com,James,Hernandez,1519 Main St,San Antonio,San Antonio County,PA,92065,company.co,574-133-5327,M,1982-03-28,2026-06-01,1,,email_93,Asian,Own,company.co,finance,football,39.374102,-100.439171,2026-06-01,US,64,"1,60",,web,james,hernandez,92065
94,timothy.torres@example.com,Timothy,Torres,6863 Main St,Dallas,Dallas County,MI,68908,web.net,313-115-4022,F,1993-12-12,2023-03-26,1,,email_94,White,,web.net,fashion,mobile,28.804037,-113.450085,2023-03-26,US,75,"23,67",0,web,timothy,torres,68908
95,michelle.michelle@company.co,Michelle,Michelle,8519 Main St,San Diego,San Diego County,VA,24073,example.com,919-433-8703,F,1976-10-23,2021-06-10,0,,email_95,,Own,example.com,music,fitness,36.832741,-109.887739,2021-06-10,US,37,"26,54",0,web,michelle,michelle,24073
96,kevin.kevin@example.com,Kevin,Kevin,4426 Main St,Seattle,Seattle County,DC,20239,example.com,351-349-6552,F,2005-11-17,2025-04-04,0,,email_96,,Own,example.com,fashion,casual,38.870389,-102.312848,2025-04-04,US,49,"13,70",1,api,kevin,kevin,20239
97,mark.mark@web.net,Mark,Mark,9404 Main St,Phoenix,Phoenix County,MT,59087,mail.com,387-119-4632,Other,1984-09-01,2023-01-19,0,,email_97,White,Rent,mail.com,fashion,fitness,36.441500,-72.532828,2023-01-19,US,34,"44,86",1,manual,mark,mark,59087
98,baker@web.net,,Baker,1828 Main St,San Francisco,San Francisco County,SC,29101,business.io,285-593-8433,Other,1984-11-23,2022-11-08,1,,email_98,Asian,Rent,business.io,fashion,investing,45.654319,-100.689433,2022-11-08,US,73,"32,75",0,manual,,baker,29101
99,taylor@mail.com,,Taylor,6458 Main St,Phoenix,Phoenix County,MA,01068,mail.com,458-682-3569,F,1951-10-06,2026-11-10,0,,email_99,Black,Rent,mail.com,sports,domestic,28.003231,-91.005477,2026-11-10,US,37,"50,58",1,api,,taylor,01068
100,donald.anderson100@business.io,Donald,Anderson,4243 Main St,Denver,Denver County,VT,05343,business.io,502-655-3306,Other,1994-01-21,2023-10-17,1,,email_100,Hispanic,Rent,business.io,technology,investing,25.862720,-116.405907,2023-10-17,US,46,"39,89",1,web,donald,anderson,05343
101,kevin.allen101@example.com,Kevin,Allen,5387 Main St,Indianapolis,Indianapolis County,ID,84610,example.com,511-870-7691,M,1987-10-22,2025-11-13,1,,email_101,,Rent,example.com,health,fitness,39.685013,-107.806653,2025-11-13,US,42,"32,64",0,import,kevin,allen,84610
102,james.nguyen102@web.net,James,Nguyen,6077 Main St,Jacksonville,Jacksonville County,RI,02301,mail.com,477-774-5994,M,1992-10-22,2024-07-02,1,,email_102,Asian,,mail.com,food,football,33.932441,-95.646759,2024-07-02,US,91,"11,83",0,api,james,nguyen,02301
103,elizabeth.anderson103@example.com,Elizabeth,Anderson,9415 Main St,Houston,Houston County,DC,20657,web.net,790-343-1327,Other,1967-06-20,2021-06-14,1,,email_103,Black,,web.net,sports,casual,36.696424,-77.436404,2021-06-14,US,65,"31,84",0,web,elizabeth,anderson,20657
104,emily.baker104@business.io,Emily,Baker,9415 Main St,Indianapolis,Indianapolis County,ID,83296,company.co,731-537-3681,Other,1991-04-13,2024-08-03,1,,email_104,Asian,Rent,company.co,technology,casual,35.154214,-80.855535,2024-08-03,US,99,"10,65",1,manual,emily,baker,83296
105,joseph.lee105@company.co,Joseph,Lee,6548 Main St,Chicago,Chicago County,OK,73667,business.io,865-981-2896,M,1967-07-19,2025-11-07,1,,email_105,Other,,business.io,sports,investing,40.228142,-90.320938,2025-11-07,US,43,"33,58",0,api,joseph,lee,73667
106,donna.young106@business.io,Donna,Young,245 Main St,Dallas,Dallas County,HI,97791,example.com,402-255-1882,F,1965-01-12,2024-07-28,1,,email_106,White,,example.com,travel,domestic,35.875094,-97.930229,2024-07-28,US,75,"40,96",0,web,donna,young,97791
107,elizabeth.lewis107@example.com,Elizabeth,Lewis,5398 Main St,Indianapolis,Indianapolis County,RI,02598,example.com,533-479-7140,F,1994-05-09,2020-07-14,1,,email_107,White,Rent,example.com,music,mobile,42.003410,-113.723794,2020-07-14,US,98,"34,86",0,api,elizabeth,lewis,02598
108,david.brown108@example.com,David,Brown,766 Main St,Philadelphia,Philadelphia County,GA,30205,test.org,403-776-7949,M,1967-05-17,2022-12-02,1,,email_108,White,Own,test.org,fashion,rock,38.305670,-79.503989,2022-12-02,US,4,"13,74",,manual,david,brown,30205
109,donald.young109@example.com,Donald,Young,2042 Main St,Washington,Washington County,IN,46638,company.co,596-638-6005,M,1977-03-26,2023-03-22,1,,email_109,Other,,company.co,finance,investing,46.708972,-107.354999,2023-03-22,US,18,"7,67",0,manual,donald,young,46638
110,mary.hall110@web.net,Mary,Hall,7425 Main St,San Francisco,San Francisco County,HI,97514,business.io,940-934-9796,M,2002-04-20,2020-11-20,1,,email_110,,Rent,business.io,food,fitness,31.527182,-95.267668,2020-11-20,US,68,"48,92",0,api,mary,hall,97514
111,kimberly.hill111@test.org,Kimberly,Hill,1143 Main St,Philadelphia,Philadelphia County,SC,29109,company.co,894-283-3190,M,1969-07-28,2026-05-26,1,,email_111,Black,,company.co,technology,rock,44.409871,-72.668849,2026-05-26,US,87,"21,84",1,web,kimberly,hill,29109
112,deborah.walker112@mail.com,Deborah,Walker,3719 Main St,Charlotte,Charlotte County,DC,20718,business.io,507-600-2137,F,1979-03-26,2023-12-19,1,,email_112,White,Rent,business.io,sports,organic,25.472891,-72.180124,2023-12-19,US,79,"21,88",,import,deborah,walker,20718
113,donna.allen113@web.net,Donna,Allen,6048 Main St,New York,New York County,DE,19437,mail.com,944-145-2658,F,1993-11-13,2022-04-21,1,,email_113,Black,Own,mail.com,sports,football,29.523824,-119.369821,2022-04-21,US,15,"17,52",,api,donna,allen,19437
114,susan.lee114@example.com,Susan,Lee,3434 Main St,Denver,Denver County,NM,88745,example.com,322-309-2928,F,1992-06-27,2024-11-26,1,,email_114,White,Rent,example.com,finance,fitness,29.458476,-111.797862,2024-11-26,US,31,"5,61",1,import,susan,lee,88745
115,joseph.martin115@web.net,Joseph,Martin,8025 Main St,Washington,Washington County,TX,75025,business.io,711-292-9454,Other,1956-12-07,2022-05-19,1,,email_115,Black,,business.io,travel,rock,26.554302,-89.899986,2022-05-19,US,24,"47,86",,api,joseph,martin,75025
116,paul.nguyen116@web.net,Paul,Nguyen,2936 Main St,New York,New York County,WI,53970,example.com,520-688-5896,F,1958-08-07,2022-05-21,1,,email_116,Black,Rent,example.com,finance,mobile,27.444992,-116.061730,2022-05-21,US,99,"23,85",1,manual,paul,nguyen,53970
117,sarah.rivera117@company.co,Sarah,Rivera,7929 Main St,Denver,Denver County,SD,57316,web.net,314-403-2485,M,1984-01-26,2023-11-12,1,,email_117,Asian,Own,web.net,sports,organic,42.932474,-104.760773,2023-11-12,US,25,"6,90",1,web,sarah,rivera,57316
118,mark.allen118@business.io,Mark,Allen,2900 Main St,New York,New York County,NM,88639,web.net,696-308-5658,Other,1956-09-04,2020-11-10,1,,email_118,,Own,web.net,fashion,organic,34.759474,-115.827542,2020-11-10,US,49,"27,52",,web,mark,allen,88639
119,daniel.martinez119@web.net,Daniel,Martinez,5430 Main St,San Jose,San Jose County,SD,57387,web.net,414-374-2998,M,1956-01-07,2024-07-05,1,,email_119,White,,web.net,health,rock,32.500462,-81.913544,2024-07-05,US,44,"42,98",0,import,daniel,martinez,57387
120,nancy.baker120@company.co,Nancy,Baker,1662 Main St,Chicago,Chicago County,KS,67082,test.org,978-242-4808,Other,1996-05-17,2023-04-10,1,,email_120,Other,Own,test.org,fashion,football,39.690676,-100.524123,2023-04-10,US,76,"17,88",0,import,nancy,baker,67082
121,barbara.moore121@example.com,Barbara,Moore,2888 Main St,Charlotte,Charlotte County,IN,46833,business.io,293-131-6912,F,1979-05-23,2022-10-22,1,,email_121,Other,,business.io,technology,casual,25.596684,-96.948582,2022-10-22,US,57,"34,56",1,api,barbara,moore,46833
122,sandra.campbell122@mail.com,Sandra,Campbell,5198 Main St,San Francisco,San Francisco County,ID,84024,web.net,487-719-9931,Other,2003-01-21,2023-09-02,1,,email_122,Asian,Rent,web.net,technology,organic,29.069851,-93.349337,2023-09-02,US,55,"14,51",,import,sandra,campbell,84024
123,linda.lopez123@test.org,Linda,Lopez,648 Main St,Charlotte,Charlotte County,NH,03722,mail.com,486-217-9982,F,1968-10-04,2022-03-17,1,,email_123,Hispanic,Rent,mail.com,finance,domestic,40.368683,-96.794401,2022-03-17,US,72,"6,95",0,web,linda,lopez,03722
124,joshua.davis124@example.com,Joshua,Davis,3141 Main St,San Antonio,San Antonio County,GA,31092,business.io,686-445-1395,M,1994-03-25,2020-06-22,1,,email_124,Hispanic,Rent,business.io,travel,football,36.579326,-72.374546,2020-06-22,US,20,"10,69",,import,joshua,davis,31092
125,john.perez125@mail.com,John,Perez,9592 Main St,Indianapolis,Indianapolis County,WY,82867,web.net,243-859-7193,F,1978-11-23,2020-05-04,1,,email_125,Asian,Rent,web.net,sports,rock,37.786786,-104.757157,2020-05-04,US,57,"33,74",0,manual,john,perez,82867
126,melissa.rivera126@web.net,Melissa,Rivera,5752 Main St,Austin,Austin County,MN,56920,test.org,988-278-3563,M,1992-12-21,2025-05-26,1,,email_126,Other,,test.org,health,domestic,37.491904,-86.466117,2025-05-26,US,54,"41,82",1,import,melissa,rivera,56920
127,timothy.lee127@test.org,Timothy,Lee,5124 Main St,Seattle,Seattle County,VA,23634,business.io,414-229-8785,F,1994-05-16,2022-06-24,1,,email_127,Hispanic,,business.io,fashion,mobile,29.374057,-85.854382,2022-06-24,US,6,"11,81",0,web,timothy,lee,23634
128,mark.scott128@business.io,Mark,Scott,7866 Main St,Indianapolis,Indianapolis County,AL,36825,business.io,512-902-9787,F,1998-06-05,2021-03-08,1,,email_128,Black,,business.io,fashion,casual,28.020666,-86.681794,2021-03-08,US,26,"24,93",0,import,mark,scott,36825
129,michael.torres129@example.com,Michael,Torres,1879 Main St,Phoenix,Phoenix County,FL,33647,example.com,945-682-4282,Other,1990-07-07,2020-08-03,1,,email_129,Asian,Own,example.com,health,investing,43.805958,-91.386467,2020-08-03,US,65,"42,72",,manual,michael,torres,33647
130,kenneth.hernandez130@web.net,Kenneth,Hernandez,1113 Main St,Indianapolis,Indianapolis County,WV,26300,mail.com,708-762-2226,F,1987-02-12,2024-04-19,1,,email_130,Black,Rent,mail.com,fashion,organic,45.093474,-115.019255,2024-04-19,US,84,"4,85",1,import,kenneth,hernandez,26300
131,amanda.martin131@test.org,Amanda,Martin,3510 Main St,New York,New York County,MI,49871,web.net,804-842-5961,Other,1987-11-20,2020-11-27,1,,email_131,Other,Own,web.net,music,fitness,33.879429,-71.983426,2020-11-27,US,64,"35,54",0,import,amanda,martin,49871
132,patricia.wilson132@web.net,Patricia,Wilson,3095 Main St,Austin,Austin County,TN,37818,business.io,644-293-7208,F,1970-12-07,2023-08-06,1,,email_132,Asian,,business.io,fashion,fitness,28.185994,-95.859719,2023-08-06,US,96,"15,82",0,import,patricia,wilson,37818
133,michelle.williams133@example.com,Michelle,Williams,4504 Main St,Los Angeles,Los Angeles County,PA,15235,web.net,754-852-8312,M,2004-06-08,2025-08-09,1,,email_133,White,Rent,web.net,travel,fitness,43.027423,-89.009278,2025-08-09,US,56,"6,72",,manual,michelle,williams,15235
134,betty.moore134@mail.com,Betty,Moore,8496 Main St,San Antonio,San Antonio County,VT,05851,example.com,543-501-1628,F,1952-09-09,2025-02-19,1,,email_134,Other,,example.com,technology,fitness,37.684072,-90.296928,2025-02-19,US,67,"8,65",,import,betty,moore,05851
135,thomas.harris135@business.io,Thomas,Harris,5762 Main St,Indianapolis,Indianapolis County,IL,62599,company.co,946-530-2299,F,1955-08-07,2020-05-07,1,,email_135,Hispanic,,company.co,fashion,mobile,36.544907,-88.740998,2020-05-07,US,92,"7,73",0,import,thomas,harris,62599
136,linda.davis136@mail.com,Linda,Davis,9124 Main St,San Francisco,San Francisco County,KY,41152,company.co,222-529-9560,M,1984-09-25,2024-01-16,1,,email_136,Asian,Rent,company.co,technology,organic,46.013805,-112.304461,2024-01-16,US,36,"13,89",0,import,linda,davis,41152
137,karen.white137@web.net,Karen,White,4857 Main St,Jacksonville,Jacksonville County,IN,46197,example.com,397-466-8967,Other,1962-04-22,2022-09-01,1,,email_137,Hispanic,Rent,example.com,fashion,fitness,35.463308,-70.098937,2022-09-01,US,13,"38,77",0,import,karen,white,46197
138,mark.martin138@example.com,Mark,Martin,2990 Main St,Austin,Austin County,MS,38054,web.net,494-743-2752,M,2001-09-14,2025-11-25,1,,email_138,White,Rent,web.net,sports,football,45.772253,-124.209912,2025-11-25,US,85,"11,70",,manual,mark,martin,38054
139,emily.lewis139@example.com,Emily,Lewis,7927 Main St,Denver,Denver County,GA,30850,web.net,563-389-3352,F,1984-09-04,2021-04-05,1,,email_139,Hispanic,Rent,web.net,fashion,domestic,45.517194,-71.256159,2021-04-05,US,70,"42,98",,api,emily,lewis,30850
140,ashley.nelson140@company.co,Ashley,Nelson,9852 Main St,Fort Worth,Fort Worth County,NM,88261,test.org,848-639-5584,M,1958-11-20,2022-12-03,1,,email_140,Hispanic,Own,test.org,travel,investing,30.063614,-109.763545,2022-12-03,US,50,"9,74",1,import,ashley,nelson,88261
141,mary.young141@example.com,Mary,Young,3316 Main St,Jacksonville,Jacksonville County,SD,57195,business.io,616-307-2468,F,1964-01-11,2026-07-26,1,,email_141,White,,business.io,sports,football,39.226211,-96.252505,2026-07-26,US,70,"32,83",0,api,mary,young,57195
142,daniel.young142@mail.com,Daniel,Young,6680 Main St,San Diego,San Diego County,NM,87685,company.co,523-571-7906,M,1959-06-22,2022-02-13,1,,email_142,Hispanic,,company.co,food,football,25.984334,-117.627003,2022-02-13,US,19,"42,92",,web,daniel,young,87685
143,jennifer.ramirez143@company.co,Jennifer,Ramirez,3950 Main St,San Francisco,San Francisco County,UT,84480,web.net,242-520-2401,F,1963-02-03,2022-08-01,1,,email_143,Hispanic,Rent,web.net,technology,investing,26.119714,-116.070543,2022-08-01,US,59,"5,70",,import,jennifer,ramirez,84480
144,mary.walker144@business.io,Mary,Walker,7499 Main St,San Antonio,San Antonio County,IL,62567,example.com,694-844-6413,F,1991-06-02,2022-01-18,1,,email_144,White,Rent,example.com,health,mobile,35.322388,-113.084830,2022-01-18,US,32,"18,72",1,manual,mary,walker,62567
145,matthew.lewis145@web.net,Matthew,Lewis,3391 Main St,Charlotte,Charlotte County,SD,57221,business.io,407-450-1031,Other,1954-08-27,2021-08-02,1,,email_145,Asian,Rent,business.io,sports,organic,31.676099,-76.564202,2021-08-02,US,20,"47,81",0,web,matthew,lewis,57221
146,george.roberts146@company.co,George,Roberts,2564 Main St,Seattle,Seattle County,ME,04206,test.org,228-687-9456,M,1962-06-09,2020-08-24,1,,email_146,Asian,,test.org,health,investing,31.350891,-82.673515,2020-08-24,US,5,"7,97",,web,george,roberts,04206
147,melissa.nelson147@example.com,Melissa,Nelson,9792 Main St,Washington,Washington County,ME,04886,example.com,913-443-4420,Other,1974-10-13,2023-12-23,1,,email_147,,,example.com,sports,investing,39.864531,-103.623247,2023-12-23,US,69,"10,98",0,import,melissa,nelson,04886
148,kimberly.sanchez148@company.co,Kimberly,Sanchez,461 Main St,San Jose,San Jose County,ND,58149,web.net,912-573-5766,Other,1959-05-12,2024-09-12,1,,email_148,Asian,,web.net,fashion,rock,27.114848,-117.499899,2024-09-12,US,97,"18,63",1,manual,kimberly,sanchez,58149
149,donna.rodriguez149@example.com,Donna,Rodriguez,107 Main St,San Francisco,San Francisco County,ND,58941,business.io,748-971-3423,F,1983-02-19,2024-06-16,1,,email_149,Black,,business.io,music,investing,41.134986,-88.328515,2024-06-16,US,33,"41,66",0,web,donna,rodriguez,58941
150,kimberly.brown150@mail.com,Kimberly,Brown,7590 Main St,Indianapolis,Indianapolis County,WY,82146,test.org,461-594-9065,M,1976-04-06,2023-05-18,1,,email_150,,Own,test.org,music,fitness,47.888792,-91.453015,2023-05-18,US,33,"15,100",1,api,kimberly,brown,82146
151,lisa.johnson151@test.org,Lisa,Johnson,9537 Main St,New York,New York County,MN,55714,web.net,322-957-3577,M,1970-03-25,2021-12-27,1,,email_151,White,,web.net,fashion,organic,32.557800,-77.408089,2021-12-27,US,4,"31,92",0,manual,lisa,johnson,55714
152,lisa.rodriguez152@example.com,Lisa,Rodriguez,533 Main St,Denver,Denver County,OK,73280,business.io,245-833-1216,Other,1982-05-22,2023-04-24,1,,email_152,Black,Rent,business.io,fashion,domestic,45.057707,-111.995275,2023-04-24,US,73,"17,63",0,api,lisa,rodriguez,73280
153,margaret.rivera153@test.org,Margaret,Rivera,8032 Main St,Philadelphia,Philadelphia County,PA,18772,example.com,941-580-9593,Other,1966-06-23,2023-05-15,1,,email_153,,Rent,example.com,music,domestic,35.814212,-107.874985,2023-05-15,US,58,"21,83",0,manual,margaret,rivera,18772
154,patricia.torres154@mail.com,Patricia,Torres,8413 Main St,Philadelphia,Philadelphia County,IL,61763,business.io,788-572-4208,Other,1985-09-10,2023-02-23,1,,email_154,Asian,Own,business.io,travel,domestic,28.907277,-98.172346,2023-02-23,US,72,"28,52",,web,patricia,torres,61763
155,kimberly.hill155@company.co,Kimberly,Hill,2219 Main St,San Antonio,San Antonio County,CT,06832,mail.com,430-660-4624,M,1953-04-05,2026-03-15,1,,email_155,Black,Rent,mail.com,fashion,mobile,42.169188,-96.014898,2026-03-15,US,84,"28,98",1,manual,kimberly,hill,06832
156,daniel.flores156@example.com,Daniel,Flores,8644 Main St,Fort Worth,Fort Worth County,GA,30564,mail.com,308-558-4639,M,1970-08-19,2025-10-24,1,,email_156,Asian,Rent,mail.com,travel,casual,37.866731,-75.309918,2025-10-24,US,75,"12,62",1,api,daniel,flores,30564
157,michelle.hernandez157@example.com,Michelle,Hernandez,3112 Main St,Houston,Houston County,MN,56746,example.com,382-782-3271,Other,2004-02-17,2024-04-15,1,,email_157,White,Rent,example.com,health,fitness,30.598797,-123.194666,2024-04-15,US,94,"33,67",,web,michelle,hernandez,56746
158,paul.lewis158@mail.com,Paul,Lewis,1172 Main St,Jacksonville,Jacksonville County,AZ,86042,example.com,420-345-4718,Other,1993-07-12,2024-08-09,1,,email_158,White,Own,example.com,health,football,45.517382,-81.319026,2024-08-09,US,56,"43,56",,import,paul,lewis,86042
159,mark.miller159@web.net,Mark,Miller,8823 Main St,Denver,Denver County,OR,97936,test.org,985-308-1903,M,1963-10-09,2021-10-11,1,,email_159,Other,Own,test.org,music,rock,29.865809,-113.127346,2021-10-11,US,72,"41,82",,manual,mark,miller,97936
160,jessica.nelson160@web.net,Jessica,Nelson,7694 Main St,San Jose,San Jose County,MS,38492,example.com,810-850-6841,F,2003-12-27,2021-10-19,1,,email_160,Black,Rent,example.com,technology,investing,39.477498,-100.838942,2021-10-19,US,87,"14,88",,import,jessica,nelson,38492
161,karen.rivera161@test.org,Karen,Rivera,6700 Main St,New York,New York County,RI,03202,company.co,625-663-7400,F,1987-08-02,2024-09-18,1,,email_161,Asian,Rent,company.co,finance,fitness,36.828596,-114.904115,2024-09-18,US,26,"9,65",1,import,karen,rivera,03202
162,michelle.flores162@business.io,Michelle,Flores,3152 Main St,Denver,Denver County,AL,36646,business.io,581-794-5108,F,1966-07-15,2023-09-21,1,,email_162,Other,Own,business.io,food,mobile,34.920667,-113.428138,2023-09-21,US,100,"34,95",0,import,michelle,flores,36646
163,betty.thompson163@company.co,Betty,Thompson,9856 Main St,Austin,Austin County,AL,35369,mail.com,302-465-3996,Other,1995-01-15,2024-06-18,1,,email_163,Black,,mail.com,food,organic,41.583471,-75.206082,2024-06-18,US,37,"33,55",,manual,betty,thompson,35369
164,amanda.rodriguez164@mail.com,Amanda,Rodriguez,4318 Main St,San Jose,San Jose County,MD,22157,example.com,463-812-1684,M,1979-12-19,2022-11-20,1,,email_164,Black,,example.com,technology,organic,25.293738,-108.990051,2022-11-20,US,14,"44,87",,api,amanda,rodriguez,22157
165,,Deborah,Walker,8205 Main St,Seattle,Seattle County,MD,22237,business.io,968-475-4220,F,1966-01-04,2022-01-19,0,,email_165,Hispanic,Rent,business.io,sports,mobile,25.971801,-97.800413,2022-01-19,US,72,"15,58",0,api,deborah,walker,22237
166,,Susan,Campbell,9375 Main St,Austin,Austin County,MA,01625,mail.com,749-727-2591,Other,1983-10-13,2020-06-10,1,,email_166,Other,Own,mail.com,fashion,mobile,41.494473,-81.120652,2020-06-10,US,61,"10,99",0,web,susan,campbell,01625
167,,Deborah,Scott,8587 Main St,Indianapolis,Indianapolis County,CO,80821,mail.com,563-995-1089,F,1954-03-25,2023-12-10,0,,email_167,Other,Own,mail.com,finance,rock,38.642012,-91.712100,2023-12-10,US,64,"46,69",,web,deborah,scott,80821
168,,Christopher,Lewis,8691 Main St,Denver,Denver County,VT,05543,business.io,636-968-2347,M,1977-06-03,2021-01-02,1,,email_168,White,,business.io,finance,casual,43.261390,-84.799281,2021-01-02,US,72,"18,53",0,api,christopher,lewis,05543
169,,Mary,Brown,9745 Main St,Dallas,Dallas County,VT,05214,example.com,998-630-8537,F,1952-12-24,2023-03-24,0,,email_169,Black,Own,example.com,fashion,fitness,26.220262,-88.515586,2023-03-24,US,58,"8,73",1,web,mary,brown,05214
170,,Donna,Green,1481 Main St,Jacksonville,Jacksonville County,FL,32252,business.io,723-926-4343,Other,1990-01-23,2024-08-13,0,,email_170,Other,Rent,business.io,finance,fitness,40.062718,-74.748627,2024-08-13,US,33,"10,64",,web,donna,green,32252
171,,Karen,Rivera,4601 Main St,Phoenix,Phoenix County,IN,47993,web.net,302-405-7160,F,1953-05-08,2023-10-10,0,,email_171,,Own,web.net,food,fitness,47.444899,-112.993955,2023-10-10,US,37,"7,89",1,manual,karen,rivera,47993
172,,Betty,Miller,2720 Main St,San Francisco,San Francisco County,NH,03327,test.org,221-468-9744,F,1980-09-04,2024-11-11,0,,email_172,White,,test.org,music,investing,46.879901,-86.171767,2024-11-11,US,56,"45,100",1,import,betty,miller,03327
173,spaces in@email.com,Amanda,Wright,8476 Main St,Charlotte,Charlotte County,HI,97760,mail.com,867-426-3772,Other,1982-01-11,2023-10-23,1,,email_173,Black,,mail.com,travel,investing,45.571373,-75.706107,2023-10-23,US,54,"33,55",0,manual,amanda,wright,97760
174,@missing-local.com,Donald,Green,1201 Main St,San Francisco,San Francisco County,KS,66228,test.org,403-535-3362,F,1967-10-16,2025-06-17,1,,email_174,Hispanic,Own,test.org,technology,fitness,31.980849,-124.803577,2025-06-17,US,43,"37,55",,manual,donald,green,66228
175,double@@at.com,Richard,Jackson,8329 Main St,Columbus,Columbus County,CT,06990,company.co,891-443-2536,F,1972-05-24,2024-12-05,0,,email_175,Black,Own,company.co,finance,fitness,45.684108,-103.497657,2024-12-05,US,58,"3,69",,api,richard,jackson,06990
176,not-an-email,Karen,Carter,2375 Main St,Jacksonville,Jacksonville County,UT,84372,business.io,817-319-6432,F,1975-09-16,2022-04-04,1,,email_176,Black,Own,business.io,fashion,rock,31.662075,-74.319092,2022-04-04,US,49,"44,92",0,import,karen,carter,84372
177,no-at-sign,Charles,White,9703 Main St,San Jose,San Jose County,ME,04277,test.org,922-999-2307,Other,1978-05-14,2020-03-01,1,,email_177,Asian,,test.org,music,football,33.378621,-112.253286,2020-03-01,US,13,"15,93",1,import,charles,white,04277
178,spaces in@email.com,Barbara,Thomas,9040 Main St,Houston,Houston County,DE,19477,mail.com,364-330-8383,M,1959-07-14,2024-01-03,1,,email_178,Hispanic,Rent,mail.com,sports,mobile,44.847275,-121.881513,2024-01-03,US,78,"17,82",,web,barbara,thomas,19477
179,spaces in@email.com,Richard,Allen,5774 Main St,San Diego,San Diego County,AK,99765,company.co,996-712-8250,M,1988-09-03,2025-09-01,1,,email_179,Other,Own,company.co,travel,mobile,36.421060,-91.697465,2025-09-01,US,45,"29,84",1,manual,richard,allen,99765
180,aaa.wright@web.net,aaa,Wright,3765 Main St,Fort Worth,Fort Worth County,DE,19349,business.io,637-588-9156,M,1998-01-09,2023-06-08,1,,email_180,Other,Own,business.io,finance,football,25.648906,-103.329239,2023-06-08,US,59,"41,59",0,web,aaa,wright,19349
181,aaa.hill@company.co,aaa,Hill,1007 Main St,Indianapolis,Indianapolis County,UT,84623,test.org,409-615-1192,F,1976-04-10,2021-06-02,0,,email_181,White,,test.org,travel,casual,35.234953,-99.394576,2021-06-02,US,89,"8,91",,manual,aaa,hill,84623
182,bbb.hall@business.io,bbb,Hall,7677 Main St,Indianapolis,Indianapolis County,MA,02664,mail.com,288-564-3924,F,1997-11-04,2021-03-21,0,,email_182,Other,,mail.com,health,rock,38.251958,-70.906595,2021-03-21,US,93,"3,72",1,manual,bbb,hall,02664
183,xxx.king@mail.com,xxx,King,1942 Main St,Houston,Houston County,MO,63262,company.co,522-814-3241,M,1952-08-28,2026-10-20,0,,email_183,Hispanic,,company.co,health,casual,29.661175,-98.028433,2026-10-20,US,56,"37,91",0,api,xxx,king,63262
184,aaa.flores@example.com,aaa,Flores,3412 Main St,Washington,Washington County,MN,55264,web.net,610-426-6410,Other,1977-11-18,2022-06-17,0,,email_184,,Own,web.net,health,fitness,44.083156,-104.307510,2022-06-17,US,70,"4,53",,manual,aaa,flores,55264
185,melissa.qwerty@business.io,Melissa,qwerty,6619 Main St,Houston,Houston County,CO,80990,test.org,974-700-5934,M,1960-03-12,2022-12-23,1,,email_185,Black,,test.org,fashion,investing,42.240940,-101.433381,2022-12-23,US,50,"18,72",1,manual,melissa,qwerty,80990
186,john.fake@test.org,John,fake,8551 Main St,Indianapolis,Indianapolis County,NJ,08957,test.org,983-783-1397,Other,1989-01-06,2023-03-28,1,,email_186,Asian,Rent,test.org,travel,mobile,41.861049,-76.750482,2023-03-28,US,61,"5,68",0,api,john,fake,08957
187,barbara.test@business.io,Barbara,test,5896 Main St,New York,New York County,AR,72305,example.com,653-596-8516,M,1974-12-11,2024-09-12,1,,email_187,Asian,Rent,example.com,finance,rock,42.604012,-92.892323,2024-09-12,US,92,"47,69",,api,barbara,test,72305
188,dorothy.dummy@mail.com,Dorothy,dummy,1337 Main St,San Antonio,San Antonio County,NH,03664,mail.com,307-439-7006,M,1973-02-20,2026-10-16,0,,email_188,Black,Own,mail.com,sports,investing,26.469616,-120.768034,2026-10-16,US,35,"6,87",1,import,dorothy,dummy,03664
189,nancy.fake@mail.com,Nancy,fake,7809 Main St,Columbus,Columbus County,DC,20469,example.com,417-168-2237,Other,1969-12-16,2020-01-25,0,,email_189,,Rent,example.com,food,domestic,28.010452,-108.364879,2020-01-25,US,15,"21,69",0,web,nancy,fake,20469
190,dorothy.miller@mail.com,Dorothy,Miller,5898 Main St,New York,New York County,ND,94852,company.co,316-141-8758,F,1961-08-12,2022-06-24,1,,email_190,Other,,company.co,food,football,34.512298,-86.924820,2022-06-24,US,55,"27,97",,web,dorothy,miller,94852
191,george.brown@example.com,George,Brown,6849 Main St,Austin,Austin County,AL,66234,company.co,961-164-5261,Other,1969-04-03,2020-10-08,0,,email_191,Hispanic,,company.co,travel,football,34.649551,-73.964390,2020-10-08,US,58,"3,61",0,manual,george,brown,66234
192,brian.king@web.net,Brian,King,5586 Main St,Denver,Denver County,MN,75165,company.co,882-174-7700,Other,1956-05-21,2021-08-07,0,,email_192,White,,company.co,music,fitness,47.590525,-72.696712,2021-08-07,US,72,"10,78",0,import,brian,king,75165
193,daniel.lee@company.co,Daniel,Lee,2226 Main St,Los Angeles,Los Angeles County,IN,39170,test.org,315-233-5881,F,1959-06-19,2023-10-16,1,,email_193,Black,Own,test.org,fashion,mobile,46.033159,-120.467085,2023-10-16,US,81,"33,77",1,api,daniel,lee,39170
194,david.adams@business.io,David,Adams,4397 Main St,New York,New York County,VA,71726,test.org,656-489-5235,M,1994-12-19,2020-05-06,1,,email_194,White,Rent,test.org,travel,mobile,31.526461,-105.108422,2020-05-06,US,38,"31,64",,import,david,adams,71726
195,michelle.michelle@test.org,Michelle,Michelle,287 Main St,San Diego,San Diego County,WI,54588,company.co,955-985-7011,M,1978-01-16,2025-09-22,1,,email_195,,Rent,company.co,finance,mobile,31.173389,-86.112412,2025-09-22,US,11,"7,85",,web,michelle,michelle,54588
196,carol.carol@company.co,Carol,Carol,8204 Main St,Denver,Denver County,WA,98762,web.net,888-203-9174,M,1972-05-09,2024-12-19,0,,email_196,White,,web.net,finance,football,38.411108,-112.737340,2024-12-19,US,75,"39,53",1,import,carol,carol,98762
197,barbara.barbara@mail.com,Barbara,Barbara,4850 Main St,Los Angeles,Los Angeles County,MN,56370,mail.com,719-562-8021,M,1993-01-02,2024-07-24,0,,email_197,White,,mail.com,sports,casual,26.463198,-97.523636,2024-07-24,US,57,"45,67",,import,barbara,barbara,56370
198,walker@example.com,,Walker,374 Main St,Columbus,Columbus County,WI,54073,mail.com,602-893-3808,M,1954-06-18,2022-07-13,0,,email_198,Black,Rent,mail.com,food,organic,42.454184,-106.003187,2022-07-13,US,95,"18,75",0,api,,walker,54073
199,johnson@business.io,,Johnson,3303 Main St,Denver,Denver County,RI,02748,test.org,518-713-7804,Other,1983-11-17,2020-01-04,0,,email_199,White,Rent,test.org,food,organic,38.829509,-109.076958,2020-01-04,US,4,"30,100",1,web,,johnson,02748
200,jessica.moore200@business.io,Jessica,Moore,4451 Main St,Washington,Washington County,IA,50781,web.net,962-668-8905,Other,1987-07-02,2020-04-14,1,,email_200,White,,web.net,sports,domestic,43.112895,-85.953074,2020-04-14,US,38,"8,94",0,import,jessica,moore,50781
201,andrew.lopez201@company.co,Andrew,Lopez,7455 Main St,Austin,Austin County,MN,55899,test.org,684-277-3261,F,2003-01-02,2025-02-27,1,,email_201,Other,,test.org,sports,domestic,41.981696,-84.777022,2025-02-27,US,35,"2,90",0,api,andrew,lopez,55899
202,donna.white202@web.net,Donna,White,8336 Main St,Denver,Denver County,IA,50592,business.io,347-673-7400,M,1976-03-01,2025-04-24,1,,email_202,,,business.io,health,football,36.103042,-71.272790,2025-04-24,US,71,"16,84",0,manual,donna,white,50592
203,barbara.robinson203@example.com,Barbara,Robinson,1329 Main St,Columbus,Columbus County,KS,67897,business.io,426-250-3668,M,1998-12-05,2021-10-04,1,,email_203,Black,Own,business.io,health,domestic,44.167745,-112.245913,2021-10-04,US,47,"40,59",1,manual,barbara,robinson,67897
204,karen.robinson204@example.com,Karen,Robinson,7835 Main St,Jacksonville,Jacksonville County,LA,70560,business.io,352-455-4940,M,1951-06-09,2021-08-13,1,,email_204,,Own,business.io,music,domestic,34.049579,-100.128240,2021-08-13,US,46,"2,73",,manual,karen,robinson,70560
205,charles.moore205@mail.com,Charles,Moore,8554 Main St,San Diego,San Diego County,SC,29170,example.com,373-454-2937,M,1969-10-13,2021-06-16,1,,email_205,Asian,Rent,example.com,health,fitness,44.980904,-90.008211,2021-06-16,US,89,"36,85",0,web,charles,moore,29170
206,timothy.nelson206@mail.com,Timothy,Nelson,557 Main St,Washington,Washington County,SD,57247,example.com,448-560-5108,M,1992-01-19,2020-07-09,1,,email_206,Black,Own,example.com,health,mobile,44.031632,-98.368239,2020-07-09,US,80,"35,68",1,import,timothy,nelson,57247
207,linda.martinez207@company.co,Linda,Martinez,3964 Main St,San Francisco,San Francisco County,IN,47996,example.com,742-288-3752,Other,1988-11-02,2021-02-02,1,,email_207,White,,example.com,music,rock,34.759568,-87.703860,2021-02-02,US,90,"7,64",0,manual,linda,martinez,47996
208,donald.baker208@company.co,Donald,Baker,2922 Main St,Chicago,Chicago County,NE,68162,test.org,919-872-9328,Other,1954-12-10,2020-08-27,1,,email_208,Black,Rent,test.org,technology,fitness,36.270718,-100.572338,2020-08-27,US,80,"1,70",0,web,donald,baker,68162
209,john.clark209@example.com,John,Clark,1976 Main St,Phoenix,Phoenix County,DC,20654,company.co,664-604-9347,F,1976-10-05,2021-03-18,1,,email_209,Other,,company.co,sports,casual,32.335799,-89.034204,2021-03-18,US,63,"12,58",,manual,john,clark,20654
210,andrew.lewis210@company.co,Andrew,Lewis,998 Main St,New York,New York County,AR,71207,mail.com,911-643-2552,Other,1992-09-12,2021-03-28,1,,email_210,Other,,mail.com,finance,mobile,27.201612,-124.958499,2021-03-28,US,62,"25,71",,import,andrew,lewis,71207
211,richard.brown211@example.com,Richard,Brown,799 Main St,Columbus,Columbus County,MO,65458,example.com,879-335-8274,M,1982-10-03,2024-10-02,1,,email_211,Other,Own,example.com,food,mobile,43.599774,-93.458660,2024-10-02,US,90,"8,83",1,import,richard,brown,65458
212,steven.roberts212@business.io,Steven,Roberts,7994 Main St,Fort Worth,Fort Worth County,AR,72645,example.com,492-308-9491,M,1982-02-23,2025-11-28,1,,email_212,Other,Own,example.com,technology,fitness,43.421176,-97.663689,2025-11-28,US,79,"44,92",0,api,steven,roberts,72645
213,nancy.lopez213@mail.com,Nancy,Lopez,3506 Main St,Austin,Austin County,CT,06518,business.io,551-954-5179,Other,1990-05-06,2023-04-18,1,,email_213,Other,Rent,business.io,music,casual,37.424324,-92.991167,2023-04-18,US,76,"41,90",,web,nancy,lopez,06518
214,donald.davis214@web.net,Donald,Davis,4955 Main St,Washington,Washington County,WY,82783,company.co,777-769-2866,F,1998-02-09,2020-01-19,1,,email_214,Asian,Own,company.co,technology,mobile,44.538471,-100.197128,2020-01-19,US,66,"39,86",0,import,donald,davis,82783
215,lisa.allen215@example.com,Lisa,Allen,4486 Main St,San Antonio,San Antonio County,WV,24791,mail.com,857-152-4751,M,1963-12-23,2026-03-03,1,,email_215,White,,mail.com,fashion,casual,25.170055,-95.748669,2026-03-03,US,49,"46,91",,api,lisa,allen,24791
216,lisa.martinez216@business.io,Lisa,Martinez,5448 Main St,Fort Worth,Fort Worth County,VT,05618,mail.com,306-870-2757,M,1984-07-11,2026-01-26,1,,email_216,Black,Own,mail.com,travel,mobile,40.964577,-88.660890,2026-01-26,US,14,"44,72",0,web,lisa,martinez,05618
217,john.king217@example.com,John,King,2965 Main St,Chicago,Chicago County,OR,97595,business.io,332-316-8618,F,1959-09-19,2020-11-03,1,,email_217,Black,Own,business.io,health,organic,46.285264,-105.765462,2020-11-03,US,44,"6,55",,import,john,king,97595
218,george.taylor218@example.com,George,Taylor,6488 Main St,Fort Worth,Fort Worth County,CA,95503,mail.com,959-700-4346,Other,1950-05-28,2025-11-06,1,,email_218,White,,mail.com,sports,investing,41.365423,-89.041766,2025-11-06,US,39,"9,62",,import,george,taylor,95503
219,nancy.roberts219@test.org,Nancy,Roberts,6450 Main St,Los Angeles,Los Angeles County,WV,24361,mail.com,755-585-5333,Other,1950-10-02,2023-03-27,1,,email_219,Black,Rent,mail.com,technology,casual,41.073323,-94.056141,2023-03-27,US,11,"42,63",1,import,nancy,roberts,24361
220,barbara.harris220@mail.com,Barbara,Harris,4217 Main St,Fort Worth,Fort Worth County,NM,88293,test.org,207-649-6016,F,1951-10-09,2020-03-12,1,,email_220,Asian,,test.org,food,organic,26.170644,-87.068411,2020-03-12,US,70,"17,74",0,manual,barbara,harris,88293
221,steven.miller221@business.io,Steven,Miller,5960 Main St,San Antonio,San Antonio County,MA,01901,company.co,502-261-7321,M,1958-10-08,2024-06-09,1,,email_221,Hispanic,Own,company.co,technology,rock,47.889041,-102.358709,2024-06-09,US,37,"39,69",0,manual,steven,miller,01901
222,carol.carter222@business.io,Carol,Carter,1263 Main St,Indianapolis,Indianapolis County,AZ,86322,business.io,698-504-3516,Other,1978-03-20,2023-02-18,1,,email_222,Asian,Rent,business.io,technology,mobile,25.129945,-108.530447,2023-02-18,US,16,"11,95",0,manual,carol,carter,86322
223,patricia.martinez223@mail.com,Patricia,Martinez,150 Main St,Houston,Houston County,DE,19999,business.io,830-754-5012,M,1961-04-04,2024-01-23,1,,email_223,,Own,business.io,health,organic,32.318388,-104.556612,2024-01-23,US,73,"49,83",0,api,patricia,martinez,19999
224,linda.gonzalez224@business.io,Linda,Gonzalez,4557 Main St,Washington,Washington County,NV,88671,test.org,584-810-9910,M,1991-12-03,2023-11-19,1,,email_224,Other,Rent,test.org,technology,mobile,31.163952,-124.300170,2023-11-19,US,100,"45,60",1,import,linda,gonzalez,88671
225,kevin.rivera225@test.org,Kevin,Rivera,6776 Main St,Seattle,Seattle County,OR,97386,test.org,972-313-7046,M,1976-08-03,2023-03-28,1,,email_225,,Own,test.org,travel,fitness,32.709247,-100.751811,2023-03-28,US,51,"30,87",0,api,kevin,rivera,97386
226,melissa.perez226@mail.com,Melissa,Perez,8896 Main St,San Jose,San Jose County,AK,99993,test.org,446-125-2078,M,1993-03-17,2020-09-01,1,,email_226,Hispanic,Rent,test.org,technology,casual,40.187705,-112.681317,2020-09-01,US,65,"31,82",,manual,melissa,perez,99993
227,donna.miller227@company.co,Donna,Miller,6393 Main St,Seattle,Seattle County,RI,03222,business.io,749-408-9050,Other,1989-04-13,2020-02-25,1,,email_227,,,business.io,sports,fitness,30.737916,-77.632570,2020-02-25,US,14,"46,69",0,import,donna,miller,03222
228,christopher.lewis228@mail.com,Christopher,Lewis,293 Main St,Columbus,Columbus County,TX,77620,mail.com,804-817-3843,M,1998-06-06,2023-11-16,1,,email_228,Hispanic,,mail.com,sports,mobile,43.273523,-88.371862,2023-11-16,US,54,"10,92",0,import,christopher,lewis,77620
229,lisa.jackson229@web.net,Lisa,Jackson,9094 Main St,Chicago,Chicago County,WI,53561,example.com,442-699-2964,Other,1993-02-11,2023-12-08,1,,email_229,White,Own,example.com,travel,mobile,42.740066,-85.246014,2023-12-08,US,94,"3,74",0,api,lisa,jackson,53561
230,betty.king230@company.co,Betty,King,8020 Main St,Austin,Austin County,KS,66984,business.io,283-926-3482,F,1965-11-08,2026-06-13,1,,email_230,Other,Rent,business.io,food,casual,41.195095,-72.722061,2026-06-13,US,73,"28,75",0,manual,betty,king,66984
231,timothy.king231@company.co,Timothy,King,503 Main St,San Diego,San Diego County,MO,65685,mail.com,580-989-8166,M,1953-09-24,2021-04-21,1,,email_231,Asian,Rent,mail.com,technology,football,29.555274,-117.162703,2021-04-21,US,76,"41,91",,import,timothy,king,65685
232,betty.ramirez232@business.io,Betty,Ramirez,3071 Main St,Chicago,Chicago County,TN,38225,business.io,828-954-1792,M,1951-10-04,2025-05-07,1,,email_232,White,Own,business.io,technology,investing,26.833955,-112.647995,2025-05-07,US,92,"17,77",1,web,betty,ramirez,38225
233,linda.gonzalez233@example.com,Linda,Gonzalez,2937 Main St,San Jose,San Jose County,AL,36656,business.io,919-721-8000,F,1959-11-06,2023-03-06,1,,email_233,Other,Own,business.io,technology,fitness,37.930619,-75.952532,2023-03-06,US,61,"41,98",0,import,linda,gonzalez,36656
234,dorothy.perez234@business.io,Dorothy,Perez,7292 Main St,Denver,Denver County,WI,53021,example.com,681-510-4115,M,1974-12-25,2021-04-05,1,,email_234,,Own,example.com,travel,organic,31.435833,-123.562270,2021-04-05,US,9,"38,54",,api,dorothy,perez,53021
235,karen.hill235@company.co,Karen,Hill,3496 Main St,Phoenix,Phoenix County,MI,49682,example.com,529-257-1805,Other,1981-09-26,2022-03-27,1,,email_235,Asian,Own,example.com,travel,football,32.028240,-124.447269,2022-03-27,US,90,"6,88",0,web,karen,hill,49682
236,carol.sanchez236@business.io,Carol,Sanchez,5046 Main St,Washington,Washington County,DC,20805,test.org,286-926-2480,F,1996-09-24,2023-06-14,1,,email_236,Asian,Own,test.org,technology,domestic,44.845353,-107.630293,2023-06-14,US,93,"7,81",0,import,carol,sanchez,20805
237,jessica.wright237@company.co,Jessica,Wright,4706 Main St,Los Angeles,Los Angeles County,MT,59831,test.org,787-132-9257,Other,2005-06-05,2025-07-14,1,,email_237,Asian,,test.org,fashion,casual,39.783230,-120.615762,2025-07-14,US,73,"30,69",,web,jessica,wright,59831
238,jessica.robinson238@company.co,Jessica,Robinson,2475 Main St,Seattle,Seattle County,NH,03535,example.com,888-945-9401,M,1999-05-06,2024-03-05,1,,email_238,White,Rent,example.com,music,casual,33.705241,-78.174925,2024-03-05,US,66,"17,53",,import,jessica,robinson,03535
239,donna.martin239@business.io,Donna,Martin,4526 Main St,Jacksonville,Jacksonville County,IA,51257,web.net,336-885-9032,F,1980-09-25,2026-05-10,1,,email_239,Hispanic,Own,web.net,finance,organic,38.244214,-104.366679,2026-05-10,US,67,"27,70",0,manual,donna,martin,51257
240,karen.roberts240@web.net,Karen,Roberts,8210 Main St,Austin,Austin County,IL,60222,company.co,305-140-5765,M,1975-02-12,2026-06-23,1,,email_240,Other,,company.co,health,domestic,40.402198,-100.528590,2026-06-23,US,75,"5,84",0,api,karen,roberts,60222
241,nancy.taylor241@business.io,Nancy,Taylor,7721 Main St,San Antonio,San Antonio County,CT,06886,company.co,328-625-4272,M,1969-06-10,2022-07-16,1,,email_241,,,company.co,travel,mobile,39.175637,-76.012133,2022-07-16,US,24,"48,63",0,web,nancy,taylor,06886
242,donna.white242@web.net,Donna,White,9388 Main St,San Diego,San Diego County,OK,73680,business.io,672-783-6556,F,1959-11-07,2020-04-04,1,,email_242,Other,Rent,business.io,travel,football,31.232806,-110.961003,2020-04-04,US,27,"25,98",1,manual,donna,white,73680
243,deborah.adams243@web.net,Deborah,Adams,6127 Main St,Jacksonville,Jacksonville County,WV,24138,web.net,377-985-2655,M,2000-07-02,2024-05-03,1,,email_243,White,Own,web.net,health,domestic,39.279425,-104.493102,2024-05-03,US,68,"38,87",0,api,deborah,adams,24138
244,susan.garcia244@mail.com,Susan,Garcia,8181 Main St,Philadelphia,Philadelphia County,FL,33664,company.co,725-611-5548,M,1952-02-11,2022-05-06,1,,email_244,Black,,company.co,health,domestic,47.675039,-98.894230,2022-05-06,US,87,"49,53",0,web,susan,garcia,33664
245,donald.robinson245@test.org,Donald,Robinson,4200 Main St,San Francisco,San Francisco County,PA,17965,business.io,968-913-9035,Other,1984-07-06,2022-01-26,1,,email_245,Hispanic,Rent,business.io,technology,football,39.969932,-98.864259,2022-01-26,US,45,"26,70",1,manual,donald,robinson,17965
246,david.flores246@mail.com,David,Flores,9508 Main St,New York,New York County,NE,69974,company.co,563-629-1119,M,1996-06-22,2021-10-11,1,,email_246,Hispanic,Own,company.co,health,investing,36.274593,-118.277219,2021-10-11,US,87,"36,70",,import,david,flores,69974
247,kimberly.martin247@test.org,Kimberly,Martin,4913 Main St,San Jose,San Jose County,DE,19109,company.co,463-878-6223,Other,2001-06-08,2025-05-11,1,,email_247,White,Rent,company.co,finance,fitness,38.598852,-116.933833,2025-05-11,US,78,"33,84",1,manual,kimberly,martin,19109
248,joshua.campbell248@business.io,Joshua,Campbell,1328 Main St,Denver,Denver County,ID,84819,mail.com,793-884-1053,M,1974-04-07,2024-12-27,1,,email_248,Asian,,mail.com,music,fitness,29.100449,-117.752512,2024-12-27,US,40,"37,69",1,manual,joshua,campbell,84819
249,melissa.baker249@test.org,Melissa,Baker,4955 Main St,San Jose,San Jose County,SD,57019,example.com,255-359-6427,F,1973-05-28,2024-07-22,1,,email_249,,Own,example.com,food,mobile,30.676992,-81.797642,2024-07-22,US,83,"14,85",,web,melissa,baker,57019
250,thomas.nguyen250@example.com,Thomas,Nguyen,4476 Main St,Chicago,Chicago County,NC,28064,example.com,339-144-2886,M,1996-03-02,2020-04-07,1,,email_250,Asian,Rent,example.com,technology,rock,47.691896,-106.163263,2020-04-07,US,94,"25,83",1,manual,thomas,nguyen,28064
251,nancy.young251@company.co,Nancy,Young,7740 Main St,Seattle,Seattle County,KS,67214,company.co,568-758-5895,F,1986-08-05,2023-09-10,1,,email_251,Black,,company.co,finance,mobile,31.162503,-116.864251,2023-09-10,US,54,"20,57",,web,nancy,young,67214
252,andrew.harris252@example.com,Andrew,Harris,4414 Main St,Phoenix,Phoenix County,KS,67890,web.net,763-703-9944,Other,1966-04-14,2026-09-02,1,,email_252,Other,Own,web.net,health,organic,39.543033,-78.964632,2026-09-02,US,26,"46,54",1,import,andrew,harris,67890
253,robert.king253@web.net,Robert,King,301 Main St,San Antonio,San Antonio County,LA,71848,example.com,969-866-9011,F,1986-04-26,2020-01-16,1,,email_253,Black,,example.com,sports,fitness,33.119165,-77.969462,2020-01-16,US,73,"3,90",1,import,robert,king,71848
254,patricia.perez254@example.com,Patricia,Perez,5111 Main St,Philadelphia,Philadelphia County,PA,17728,example.com,705-499-3256,F,1984-12-22,2023-02-20,1,,email_254,Black,,example.com,sports,investing,41.023290,-123.170639,2023-02-20,US,18,"49,81",,manual,patricia,perez,17728
255,melissa.campbell255@example.com,Melissa,Campbell,1025 Main St,Phoenix,Phoenix County,UT,84934,company.co,229-906-6591,Other,1965-10-27,2026-07-14,1,,email_255,Asian,Rent,company.co,finance,rock,25.139891,-90.152212,2026-07-14,US,35,"1,62",,api,melissa,campbell,84934
256,timothy.jones256@business.io,Timothy,Jones,1580 Main St,San Diego,San Diego County,MD,21177,business.io,221-864-2134,M,1966-01-01,2022-10-05,1,,email_256,Black,Own,business.io,music,investing,45.477174,-120.334220,2022-10-05,US,98,"38,57",,import,timothy,jones,21177
257,william.miller257@company.co,William,Miller,6302 Main St,San Antonio,San Antonio County,MD,21258,example.com,746-676-1494,F,1976-05-06,2022-08-07,1,,email_257,Hispanic,,example.com,technology,mobile,35.909022,-105.628037,2022-08-07,US,97,"25,55",0,api,william,miller,21258
258,thomas.garcia258@test.org,Thomas,Garcia,9637 Main St,Washington,Washington County,NH,03662,company.co,879-927-7866,F,1982-09-07,2021-02-10,1,,email_258,,Rent,company.co,technology,rock,26.601428,-107.184385,2021-02-10,US,71,"44,64",0,manual,thomas,garcia,03662
259,anthony.campbell259@company.co,Anthony,Campbell,4321 Main St,Philadelphia,Philadelphia County,MN,56745,mail.com,231-374-5388,M,1963-06-02,2024-03-26,1,,email_259,Other,Rent,mail.com,travel,rock,40.228813,-116.988300,2024-03-26,US,13,"7,88",0,manual,anthony,campbell,56745
260,donald.walker260@mail.com,Donald,Walker,9821 Main St,Phoenix,Phoenix County,OK,73158,test.org,771-258-2001,Other,2004-09-19,2023-04-02,1,,email_260,,Own,test.org,food,investing,32.368784,-87.839278,2023-04-02,US,59,"36,86",,web,donald,walker,73158
261,karen.mitchell261@company.co,Karen,Mitchell,1006 Main St,Charlotte,Charlotte County,IN,46395,web.net,560-248-7140,F,1965-04-08,2026-08-02,1,,email_261,Asian,Own,web.net,health,organic,38.268323,-92.248709,2026-08-02,US,84,"21,87",0,import,karen,mitchell,46395
262,steven.clark262@mail.com,Steven,Clark,1567 Main St,Philadelphia,Philadelphia County,MS,39145,web.net,211-793-4222,F,1994-11-28,2020-12-26,1,,email_262,Hispanic,,web.net,health,fitness,27.572590,-109.488490,2020-12-26,US,21,"35,84",0,api,steven,clark,39145
263,andrew.harris263@mail.com,Andrew,Harris,6508 Main St,San Antonio,San Antonio County,DC,20413,web.net,850-516-5101,Other,1962-10-16,2022-09-24,1,,email_263,Asian,Own,web.net,health,organic,29.867591,-90.807771,2022-09-24,US,45,"49,63",,manual,andrew,harris,20413
264,linda.jackson264@business.io,Linda,Jackson,6754 Main St,Indianapolis,Indianapolis County,WV,26864,example.com,855-121-3978,F,1952-02-21,2024-07-03,1,,email_264,Asian,Rent,example.com,travel,investing,29.744355,-99.606322,2024-07-03,US,89,"41,92",0,manual,linda,jackson,26864
265,,Jennifer,Sanchez,779 Main St,Seattle,Seattle County,IN,46658,mail.com,881-125-4142,F,1963-04-15,2024-02-26,1,,email_265,,,mail.com,technology,casual,44.655817,-78.518726,2024-02-26,US,4,"18,64",0,web,jennifer,sanchez,46658
266,,Dorothy,Roberts,8694 Main St,Fort Worth,Fort Worth County,MA,01829,example.com,786-233-9041,Other,1967-01-12,2023-06-13,0,,email_266,White,Rent,example.com,music,football,28.531088,-88.718489,2023-06-13,US,37,"13,88",1,manual,dorothy,roberts,01829
267,,Karen,Gonzalez,319 Main St,Dallas,Dallas County,OR,97888,mail.com,505-597-2016,M,1985-04-03,2023-01-25,0,,email_267,Hispanic,Rent,mail.com,sports,casual,33.513958,-93.253000,2023-01-25,US,32,"26,62",0,api,karen,gonzalez,97888
268,,Daniel,Young,5888 Main St,Austin,Austin County,IN,47541,example.com,349-946-4736,Other,1989-09-17,2022-04-16,1,,email_268,Black,Rent,example.com,fashion,casual,47.642451,-88.727572,2022-04-16,US,21,"1,55",0,api,daniel,young,47541
269,,George,Nelson,5938 Main St,Austin,Austin County,MT,59310,example.com,845-570-5358,F,1998-10-28,2021-11-02,1,,email_269,Black,Rent,example.com,health,mobile,36.329571,-84.832500,2021-11-02,US,40,"32,63",0,api,george,nelson,59310
270,,Mark,Anderson,8026 Main St,Indianapolis,Indianapolis County,AZ,86767,company.co,553-376-1855,F,1964-06-24,2022-08-27,0,,email_270,Black,Rent,company.co,fashion,casual,25.143552,-101.651150,2022-08-27,US,33,"49,71",0,api,mark,anderson,86767
271,,John,Thompson,8604 Main St,San Antonio,San Antonio County,PA,17899,test.org,957-111-1115,M,1993-11-04,2020-01-20,0,,email_271,White,Rent,test.org,health,mobile,47.847138,-117.392468,2020-01-20,US,89,"41,88",0,manual,john,thompson,17899
272,,Nancy,Martinez,6699 Main St,Austin,Austin County,DE,19534,web.net,767-319-8821,Other,1997-04-08,2023-08-13,0,,email_272,Hispanic,Own,web.net,food,casual,43.614895,-84.417993,2023-08-13,US,71,"35,100",,manual,nancy,martinez,19534
273,@missing-local.com,William,Anderson,4998 Main St,Washington,Washington County,UT,84244,mail.com,700-413-2357,M,1996-10-07,2021-04-07,0,,email_273,Hispanic,Rent,mail.com,finance,casual,41.941070,-71.479170,2021-04-07,US,94,"28,68",0,web,william,anderson,84244
274,not-an-email,Steven,Jones,738 Main St,San Diego,San Diego County,AR,72070,company.co,913-187-2909,F,1999-12-04,2025-04-06,1,,email_274,White,Rent,company.co,food,investing,47.928328,-111.700656,2025-04-06,US,2,"29,69",1,manual,steven,jones,72070
275,spaces in@email.com,Donald,Young,5696 Main St,Seattle,Seattle County,MS,39380,company.co,926-628-1648,Other,1954-04-02,2023-12-11,0,,email_275,White,Own,company.co,music,football,28.661401,-112.306205,2023-12-11,US,73,"50,66",,import,donald,young,39380
276,not-an-email,Deborah,Gonzalez,4617 Main St,Phoenix,Phoenix County,OK,73691,company.co,698-586-7740,Other,1987-01-24,2025-09-07,1,,email_276,Hispanic,,company.co,finance,mobile,26.073629,-71.457978,2025-09-07,US,17,"16,100",,web,deborah,gonzalez,73691
277,double@@at.com,Joseph,Roberts,8819 Main St,Charlotte,Charlotte County,KS,67256,test.org,742-443-4241,Other,1968-12-19,2020-11-22,1,,email_277,Asian,Rent,test.org,food,rock,44.579974,-89.251972,2020-11-22,US,30,"20,92",1,web,joseph,roberts,67256
278,not-an-email,Melissa,Harris,5412 Main St,San Francisco,San Francisco County,CT,06895,test.org,428-240-4870,M,1957-09-10,2026-04-04,0,,email_278,,Own,test.org,finance,football,46.002625,-102.254909,2026-04-04,US,35,"44,54",1,manual,melissa,harris,06895
279,no-at-sign,Paul,Campbell,178 Main St,San Antonio,San Antonio County,FL,34406,test.org,498-303-3630,F,2001-04-17,2020-08-08,0,,email_279,Other,,test.org,health,organic,46.903957,-94.239253,2020-08-08,US,99,"44,83",0,web,paul,campbell,34406
280,test.brown@mail.com,test,Brown,4292 Main St,Denver,Denver County,MA,01888,company.co,607-895-7243,Other,1988-10-26,2026-12-22,1,,email_280,Hispanic,Rent,company.co,health,casual,45.823394,-118.986017,2026-12-22,US,80,"38,79",1,api,test,brown,01888
281,xxx.smith@mail.com,xxx,Smith,4324 Main St,Houston,Houston County,DC,20015,example.com,564-212-5350,F,1993-06-05,2022-04-16,0,,email_281,Black,Rent,example.com,technology,domestic,39.486031,-107.069446,2022-04-16,US,63,"42,63",1,import,xxx,smith,20015
282,aaa.rivera@company.co,aaa,Rivera,454 Main St,Los Angeles,Los Angeles County,IA,50509,example.com,806-368-6267,F,1988-07-07,2021-09-06,0,,email_282,,Own,example.com,finance,rock,43.387067,-76.296080,2021-09-06,US,29,"8,83",1,import,aaa,rivera,50509
283,asdf.lewis@example.com,asdf,Lewis,4408 Main St,Indianapolis,Indianapolis County,KS,67700,test.org,388-883-7121,M,1960-05-09,2020-12-25,1,,email_283,White,Rent,test.org,music,mobile,25.156207,-77.095608,2020-12-25,US,12,"48,76",0,web,asdf,lewis,67700
284,fake.lewis@test.org,fake,Lewis,7700 Main St,Los Angeles,Los Angeles County,KY,40960,example.com,811-317-2616,M,1995-02-05,2026-04-11,0,,email_284,Black,,example.com,technology,investing,29.528936,-98.029533,2026-04-11,US,96,"43,59",0,api,fake,lewis,40960
285,donna.qwerty@mail.com,Donna,qwerty,9775 Main St,Chicago,Chicago County,OR,97024,test.org,474-467-1281,M,1969-02-10,2021-08-21,0,,email_285,,Rent,test.org,health,football,31.396978,-104.685512,2021-08-21,US,15,"42,87",,web,donna,qwerty,97024
286,christopher.fake@web.net,Christopher,fake,6565 Main St,Indianapolis,Indianapolis County,MI,49085,test.org,495-124-7978,M,1956-05-02,2020-07-05,0,,email_286,Asian,Rent,test.org,music,football,41.621793,-82.691684,2020-07-05,US,20,"18,60",,manual,christopher,fake,49085
287,steven.test@web.net,Steven,test,1523 Main St,San Diego,San Diego County,CT,06796,web.net,872-826-9906,M,1979-11-17,2020-04-02,1,,email_287,,Rent,web.net,music,football,37.276429,-71.202086,2020-04-02,US,43,"20,74",1,import,steven,test,06796
288,nancy.dummy@example.com,Nancy,dummy,4453 Main St,Dallas,Dallas County,DC,20452,web.net,748-231-5126,M,1953-04-21,2025-02-13,1,,email_288,Asian,Own,web.net,travel,domestic,25.450244,-83.554451,2025-02-13,US,38,"1,52",1,import,nancy,dummy,20452
289,susan.xyz@test.org,Susan,xyz,5255 Main St,Charlotte,Charlotte County,AK,99841,example.com,927-284-7581,F,1961-12-05,2026-11-22,0,,email_289,Asian,,example.com,technology,rock,47.884086,-112.706732,2026-11-22,US,49,"14,80",,api,susan,xyz,99841
290,dorothy.mitchell@mail.com,Dorothy,Mitchell,6435 Main St,San Jose,San Jose County,MO,17974,web.net,917-609-4545,M,2003-05-11,2021-12-08,0,,email_290,Asian,Own,web.net,travel,investing,39.548088,-106.284673,2021-12-08,US,21,"38,89",1,manual,dorothy,mitchell,17974
291,linda.martin@mail.com,Linda,Martin,2166 Main St,Seattle,Seattle County,DC,02353,business.io,341-630-3416,Other,1964-01-13,2025-08-26,0,,email_291,Other,,business.io,finance,rock,47.343925,-119.918180,2025-08-26,US,60,"41,68",0,api,linda,martin,02353
292,paul.white@web.net,Paul,White,4013 Main St,Seattle,Seattle County,AL,11182,web.net,248-865-5871,M,1954-12-13,2022-08-16,1,,email_292,Other,Rent,web.net,finance,mobile,41.942130,-71.805880,2022-08-16,US,36,"46,81",0,web,paul,white,11182
293,james.brown@business.io,James,Brown,4664 Main St,Houston,Houston County,MA,88905,example.com,230-372-8012,M,1992-10-11,2022-03-19,1,,email_293,Black,,example.com,technology,casual,27.930503,-75.729764,2022-03-19,US,54,"13,74",1,import,james,brown,88905
294,timothy.moore@example.com,Timothy,Moore,1519 Main St,San Diego,San Diego County,ND,99740,web.net,785-745-6370,Other,1974-11-21,2021-08-05,0,,email_294,,Rent,web.net,music,casual,43.459070,-70.490763,2021-08-05,US,66,"34,67",0,web,timothy,moore,99740
295,mark.mark@example.com,Mark,Mark,7949 Main St,Philadelphia,Philadelphia County,NJ,08645,mail.com,860-430-6600,F,1965-04-02,2025-04-25,1,,email_295,,Own,mail.com,health,football,39.017246,-111.842139,2025-04-25,US,59,"45,84",0,web,mark,mark,08645
296,michelle.michelle@test.org,Michelle,Michelle,7704 Main St,Chicago,Chicago County,IN,46823,example.com,892-656-9612,M,1952-12-21,2021-06-15,1,,email_296,Hispanic,Own,example.com,travel,casual,39.746426,-113.959567,2021-06-15,US,2,"18,61",,import,michelle,michelle,46823
297,michael.michael@web.net,Michael,Michael,2973 Main St,Houston,Houston County,OK,73391,example.com,861-868-5311,F,2000-12-01,2023-01-20,1,,email_297,Black,Rent,example.com,finance,casual,47.857070,-111.618426,2023-01-20,US,59,"21,91",0,api,michael,michael,73391
298,green@business.io,,Green,1522 Main St,Washington,Washington County,MN,55465,company.co,382-519-3708,F,1974-04-10,2024-02-01,0,,email_298,Asian,Own,company.co,technology,fitness,41.635362,-95.720964,2024-02-01,US,35,"23,93",,import,,green,55465
299,jones@test.org,,Jones,2161 Main St,Austin,Austin County,MI,49219,web.net,339-433-5609,F,1992-03-06,2021-12-21,0,,email_299,Other,Rent,web.net,fashion,rock,47.474265,-91.200388,2021-12-21,US,17,"47,85",,import,,jones,49219
300,mark.jones300@example.com,Mark,Jones,6937 Main St,San Antonio,San Antonio County,CO,81968,web.net,217-964-1355,Other,2001-09-07,2025-06-11,1,,email_300,White,,web.net,music,domestic,30.049733,-70.227712,2025-06-11,US,84,"45,91",0,web,mark,jones,81968
301,andrew.hernandez301@company.co,Andrew,Hernandez,3753 Main St,Denver,Denver County,KS,67701,web.net,292-861-8191,F,1951-09-09,2023-12-28,1,,email_301,,Own,web.net,health,football,26.932342,-124.357432,2023-12-28,US,52,"27,56",1,manual,andrew,hernandez,67701
302,karen.hill302@mail.com,Karen,Hill,929 Main St,Austin,Austin County,NV,89400,example.com,323-863-1143,F,2005-01-15,2021-01-13,1,,email_302,Black,,example.com,food,fitness,46.584906,-95.527140,2021-01-13,US,46,"21,88",,import,karen,hill,89400
303,kevin.johnson303@web.net,Kevin,Johnson,8196 Main St,Phoenix,Phoenix County,KS,67068,business.io,284-906-6680,Other,1972-07-24,2020-08-08,1,,email_303,Hispanic,Own,business.io,music,organic,40.082142,-113.632883,2020-08-08,US,78,"15,56",,import,kevin,johnson,67068
304,kimberly.wilson304@company.co,Kimberly,Wilson,1903 Main St,Jacksonville,Jacksonville County,CT,06262,mail.com,217-189-5875,F,1977-01-25,2026-05-12,1,,email_304,White,Rent,mail.com,health,fitness,27.630014,-111.551992,2026-05-12,US,91,"25,54",,import,kimberly,wilson,06262
305,kevin.wilson305@web.net,Kevin,Wilson,2648 Main St,San Diego,San Diego County,PA,18474,mail.com,289-757-1573,Other,1979-05-15,2024-12-25,1,,email_305,,Rent,mail.com,finance,organic,27.067853,-105.161879,2024-12-25,US,6,"46,51",1,import,kevin,wilson,18474
306,jennifer.thomas306@web.net,Jennifer,Thomas,7014 Main St,Jacksonville,Jacksonville County,AL,36169,mail.com,448-309-5093,M,1958-03-28,2023-12-17,1,,email_306,Other,Rent,mail.com,travel,domestic,26.061005,-91.788146,2023-12-17,US,1,"49,58",0,import,jennifer,thomas,36169
307,thomas.johnson307@example.com,Thomas,Johnson,5312 Main St,Phoenix,Phoenix County,DE,19740,test.org,244-712-4842,Other,1977-05-07,2022-04-19,1,,email_307,White,,test.org,music,fitness,46.613422,-97.691193,2022-04-19,US,48,"10,72",1,manual,thomas,johnson,19740
308,timothy.brown308@test.org,Timothy,Brown,3730 Main St,San Jose,San Jose County,ME,04535,company.co,971-199-1443,Other,1974-03-09,2023-12-28,1,,email_308,White,Own,company.co,travel,casual,46.967488,-95.697815,2023-12-28,US,77,"41,88",,api,timothy,brown,04535
309,sarah.clark309@test.org,Sarah,Clark,9552 Main St,Phoenix,Phoenix County,NJ,07741,web.net,817-904-1821,F,1994-11-07,2021-07-28,1,,email_309,White,,web.net,health,rock,26.475431,-118.701174,2021-07-28,US,28,"16,78",0,web,sarah,clark,07741
310,anthony.clark310@company.co,Anthony,Clark,2289 Main St,Chicago,Chicago County,MI,49364,business.io,304-361-7538,Other,1993-06-03,2021-09-18,1,,email_310,,,business.io,fashion,fitness,39.255330,-85.044157,2021-09-18,US,56,"7,61",0,manual,anthony,clark,49364
311,dorothy.lewis311@company.co,Dorothy,Lewis,6297 Main St,Charlotte,Charlotte County,SC,29476,example.com,421-571-7742,M,1988-12-03,2021-12-27,1,,email_311,,Rent,example.com,food,mobile,39.693221,-92.816139,2021-12-27,US,41,"46,51",,manual,dorothy,lewis,29476
312,brian.walker312@test.org,Brian,Walker,9020 Main St,Phoenix,Phoenix County,IN,46850,web.net,415-800-8969,Other,1960-07-26,2023-08-10,1,,email_312,Other,Own,web.net,fashion,mobile,41.205820,-109.461915,2023-08-10,US,28,"10,53",,api,brian,walker,46850
313,karen.young313@business.io,Karen,Young,8285 Main St,Dallas,Dallas County,DC,20287,business.io,443-962-7464,Other,1954-06-06,2021-04-07,1,,email_313,Other,Rent,business.io,fashion,football,46.858112,-112.367453,2021-04-07,US,26,"8,59",1,manual,karen,young,20287
314,sandra.rivera314@mail.com,Sandra,Rivera,3266 Main St,Columbus,Columbus County,SD,57483,test.org,217-621-6406,Other,1951-10-16,2022-10-23,1,,email_314,,Rent,test.org,fashion,casual,41.434558,-74.937965,2022-10-23,US,18,"40,62",0,import,sandra,rivera,57483
315,emily.gonzalez315@business.io,Emily,Gonzalez,6743 Main St,Chicago,Chicago County,MI,48251,business.io,901-977-3889,Other,1976-06-14,2020-08-16,1,,email_315,Hispanic,,business.io,fashion,domestic,36.487807,-90.171314,2020-08-16,US,55,"27,89",0,api,emily,gonzalez,48251
316,paul.harris316@business.io,Paul,Harris,1159 Main St,Denver,Denver County,MO,63252,test.org,749-382-6477,F,1979-02-23,2021-10-21,1,,email_316,White,Rent,test.org,sports,rock,43.444254,-110.267394,2021-10-21,US,57,"44,51",,api,paul,harris,63252
317,anthony.flores317@business.io,Anthony,Flores,4383 Main St,Fort Worth,Fort Worth County,AK,99911,example.com,848-530-8986,Other,1964-10-26,2022-04-09,1,,email_317,,Rent,example.com,music,domestic,35.131675,-100.302406,2022-04-09,US,2,"4,74",1,import,anthony,flores,99911
318,dorothy.wilson318@test.org,Dorothy,Wilson,1210 Main St,San Francisco,San Francisco County,GA,31989,web.net,843-162-6730,Other,1980-10-07,2020-11-15,1,,email_318,Other,Own,web.net,sports,football,35.575441,-93.211687,2020-11-15,US,49,"9,92",0,web,dorothy,wilson,31989
319,jessica.smith319@company.co,Jessica,Smith,3877 Main St,San Francisco,San Francisco County,PA,16081,example.com,462-490-5492,Other,1964-02-02,2026-10-23,1,,email_319,Black,Rent,example.com,food,domestic,36.799373,-92.375107,2026-10-23,US,88,"5,54",,api,jessica,smith,16081
320,daniel.lee320@test.org,Daniel,Lee,2145 Main St,San Antonio,San Antonio County,NV,89880,example.com,420-354-2086,M,1976-10-04,2023-06-25,1,,email_320,,Rent,example.com,travel,domestic,26.975909,-100.660745,2023-06-25,US,30,"2,87",1,manual,daniel,lee,89880
321,brian.garcia321@web.net,Brian,Garcia,8785 Main St,Chicago,Chicago County,SC,29033,mail.com,560-360-2547,F,1950-11-08,2026-02-20,1,,email_321,Asian,Rent,mail.com,technology,football,40.437740,-88.371660,2026-02-20,US,43,"27,64",,api,brian,garcia,29033
322,kimberly.garcia322@mail.com,Kimberly,Garcia,546 Main St,Seattle,Seattle County,AL,35445,company.co,747-861-8786,Other,1997-03-16,2025-05-04,1,,email_322,Asian,Rent,company.co,sports,domestic,26.277497,-81.175367,2025-05-04,US,78,"47,79",0,api,kimberly,garcia,35445
323,nancy.moore323@company.co,Nancy,Moore,6725 Main St,Dallas,Dallas County,NC,27863,example.com,653-620-6978,F,1950-08-17,2024-05-02,1,,email_323,Black,Rent,example.com,technology,domestic,42.574261,-79.549399,2024-05-02,US,3,"9,92",,api,nancy,moore,27863
324,barbara.taylor324@web.net,Barbara,Taylor,5603 Main St,Chicago,Chicago County,PA,18245,test.org,266-886-1129,M,1982-09-14,2024-06-10,1,,email_324,White,,test.org,technology,football,42.860710,-83.279106,2024-06-10,US,88,"27,86",0,api,barbara,taylor,18245
325,betty.perez325@business.io,Betty,Perez,9801 Main St,Denver,Denver County,TN,37282,mail.com,265-508-9506,Other,1984-05-03,2023-02-25,1,,email_325,Hispanic,Rent,mail.com,travel,organic,27.601981,-79.645033,2023-02-25,US,44,"34,61",,api,betty,perez,37282
326,timothy.adams326@web.net,Timothy,Adams,2829 Main St,Charlotte,Charlotte County,VA,23471,test.org,366-930-4188,M,1996-05-27,2025-03-27,1,,email_326,,,test.org,food,investing,46.970205,-88.673136,2025-03-27,US,66,"19,75",1,manual,timothy,adams,23471
327,ashley.ramirez327@company.co,Ashley,Ramirez,8884 Main St,Los Angeles,Los Angeles County,VT,05999,business.io,988-113-9492,Other,1989-02-13,2021-03-19,1,,email_327,White,Rent,business.io,technology,football,37.955667,-101.387842,2021-03-19,US,54,"9,98",1,api,ashley,ramirez,05999
328,thomas.walker328@mail.com,Thomas,Walker,1068 Main St,San Jose,San Jose County,VT,05026,company.co,468-725-8518,F,1982-10-05,2024-08-06,1,,email_328,White,,company.co,sports,organic,28.269636,-113.786024,2024-08-06,US,89,"29,63",1,api,thomas,walker,05026
329,patricia.taylor329@company.co,Patricia,Taylor,1756 Main St,Phoenix,Phoenix County,NC,28067,web.net,884-299-9434,Other,1957-03-02,2023-07-22,1,,email_329,,Rent,web.net,fashion,fitness,33.113484,-124.714656,2023-07-22,US,76,"31,87",1,web,patricia,taylor,28067
330,sandra.garcia330@company.co,Sandra,Garcia,8167 Main St,Austin,Austin County,CO,80831,business.io,266-257-1740,Other,1974-10-16,2026-10-11,1,,email_330,Black,Rent,business.io,travel,rock,46.718445,-120.473161,2026-10-11,US,95,"48,64",,web,sandra,garcia,80831
331,matthew.green331@mail.com,Matthew,Green,7427 Main St,Austin,Austin County,NJ,08258,business.io,332-762-4884,Other,1965-05-19,2025-08-27,1,,email_331,Hispanic,Rent,business.io,music,football,42.767346,-84.492127,2025-08-27,US,60,"1,98",0,web,matthew,green,08258
332,lisa.jones332@web.net,Lisa,Jones,6022 Main St,San Francisco,San Francisco County,UT,84985,business.io,626-447-5971,Other,1994-06-19,2023-12-27,1,,email_332,Other,,business.io,fashion,domestic,46.973193,-122.530324,2023-12-27,US,78,"43,62",0,api,lisa,jones,84985
333,melissa.robinson333@test.org,Melissa,Robinson,2239 Main St,San Francisco,San Francisco County,MO,63792,example.com,877-255-9272,Other,1992-08-03,2022-12-13,1,,email_333,White,,example.com,health,investing,33.130159,-106.856549,2022-12-13,US,56,"19,66",1,manual,melissa,robinson,63792
334,kevin.baker334@web.net,Kevin,Baker,9698 Main St,Austin,Austin County,NC,27553,business.io,534-322-2546,F,1962-12-28,2026-04-21,1,,email_334,Asian,Own,business.io,finance,football,45.658884,-87.253100,2026-04-21,US,19,"15,64",0,web,kevin,baker,27553
335,joseph.jackson335@mail.com,Joseph,Jackson,7942 Main St,San Diego,San Diego County,SD,57976,business.io,849-255-4155,M,1985-10-11,2023-08-05,1,,email_335,Asian,Rent,business.io,health,organic,41.753441,-91.199823,2023-08-05,US,70,"33,53",1,import,joseph,jackson,57976
336,carol.johnson336@test.org,Carol,Johnson,8299 Main St,Indianapolis,Indianapolis County,MO,64439,web.net,807-232-2769,M,1962-08-13,2022-05-01,1,,email_336,Other,,web.net,sports,fitness,46.929200,-81.455782,2022-05-01,US,87,"38,95",1,api,carol,johnson,64439
337,george.hill337@business.io,George,Hill,3129 Main St,Austin,Austin County,VA,23702,web.net,503-253-4778,Other,2000-07-16,2020-04-12,1,,email_337,White,Rent,web.net,fashion,organic,30.375062,-114.343517,2020-04-12,US,57,"33,89",1,web,george,hill,23702
338,linda.rivera338@business.io,Linda,Rivera,5834 Main St,Indianapolis,Indianapolis County,NH,03135,test.org,401-549-4323,M,1991-04-04,2025-01-16,1,,email_338,Hispanic,Rent,test.org,fashion,casual,35.293784,-100.082605,2025-01-16,US,2,"32,62",0,import,linda,rivera,03135
339,barbara.young339@company.co,Barbara,Young,4799 Main St,San Diego,San Diego County,MI,49799,company.co,710-135-6380,F,1968-07-10,2026-02-28,1,,email_339,Other,Own,company.co,fashion,domestic,33.700662,-108.850437,2026-02-28,US,86,"46,83",0,api,barbara,young,49799
340,emily.thompson340@business.io,Emily,Thompson,8372 Main St,San Diego,San Diego County,NM,88104,mail.com,418-289-7026,M,2004-12-03,2022-06-08,1,,email_340,Hispanic,Rent,mail.com,health,mobile,40.155802,-118.765554,2022-06-08,US,97,"4,69",0,manual,emily,thompson,88104
341,timothy.gonzalez341@example.com,Timothy,Gonzalez,4446 Main St,San Francisco,San Francisco County,NE,68710,mail.com,918-165-5413,M,1962-08-28,2022-10-13,1,,email_341,Hispanic,Own,mail.com,fashion,football,42.844413,-74.514599,2022-10-13,US,33,"9,51",,web,timothy,gonzalez,68710
342,barbara.allen342@example.com,Barbara,Allen,9359 Main St,Houston,Houston County,TN,37127,web.net,942-683-5025,F,1975-02-24,2024-12-21,1,,email_342,Hispanic,,web.net,technology,investing,38.895048,-79.395891,2024-12-21,US,77,"37,79",1,web,barbara,allen,37127
343,amanda.torres343@company.co,Amanda,Torres,2271 Main St,Chicago,Chicago County,SD,57086,web.net,916-515-1250,M,1952-11-13,2022-03-03,1,,email_343,White,Own,web.net,food,casual,41.356294,-121.739043,2022-03-03,US,93,"48,89",,manual,amanda,torres,57086
344,william.adams344@mail.com,William,Adams,5251 Main St,Washington,Washington County,TN,38741,mail.com,860-236-4484,Other,1960-03-01,2025-04-04,1,,email_344,Hispanic,Own,mail.com,sports,organic,46.131851,-101.032973,2025-04-04,US,64,"17,66",,web,william,adams,38741
345,michael.garcia345@business.io,Michael,Garcia,5942 Main St,Fort Worth,Fort Worth County,OK,74245,example.com,800-763-9242,M,1957-12-23,2023-06-27,1,,email_345,Black,,example.com,technology,domestic,43.620416,-114.685125,2023-06-27,US,83,"18,84",0,manual,michael,garcia,74245
346,david.jackson346@business.io,David,Jackson,4917 Main St,Austin,Austin County,HI,97232,test.org,693-748-8895,M,1981-08-13,2024-11-03,1,,email_346,White,,test.org,music,domestic,25.031366,-87.352520,2024-11-03,US,81,"27,71",,import,david,jackson,97232
347,brian.anderson347@test.org,Brian,Anderson,8882 Main St,San Francisco,San Francisco County,CA,93490,company.co,455-674-3377,F,1962-06-10,2020-02-05,1,,email_347,White,Own,company.co,sports,domestic,25.719216,-76.177666,2020-02-05,US,56,"46,100",,api,brian,anderson,93490
348,dorothy.sanchez348@example.com,Dorothy,Sanchez,7216 Main St,Columbus,Columbus County,GA,30623,test.org,467-190-5795,Other,2002-06-07,2024-01-03,1,,email_348,White,Own,test.org,food,domestic,46.017496,-114.740025,2024-01-03,US,95,"16,55",1,web,dorothy,sanchez,30623
349,michelle.anderson349@mail.com,Michelle,Anderson,8347 Main St,Austin,Austin County,RI,02761,company.co,827-979-3396,M,1979-03-09,2024-11-04,1,,email_349,Hispanic,,company.co,health,organic,35.702661,-92.676570,2024-11-04,US,87,"39,94",0,import,michelle,anderson,02761
350,patricia.allen350@company.co,Patricia,Allen,6639 Main St,Columbus,Columbus County,UT,84529,example.com,718-554-5725,M,1963-05-27,2023-08-02,1,,email_350,Asian,Own,example.com,travel,domestic,33.109096,-124.113934,2023-08-02,US,89,"5,89",,manual,patricia,allen,84529
351,karen.moore351@test.org,Karen,Moore,2070 Main St,Charlotte,Charlotte County,WI,54137,example.com,459-989-9114,M,1999-11-11,2023-09-17,1,,email_351,Black,Own,example.com,fashion,fitness,47.153852,-75.172073,2023-09-17,US,46,"45,85",0,manual,karen,moore,54137
352,joseph.hernandez352@company.co,Joseph,Hernandez,3122 Main St,Fort Worth,Fort Worth County,WI,53401,business.io,370-499-3385,F,1980-03-18,2023-04-01,1,,email_352,,,business.io,health,football,31.930176,-92.089072,2023-04-01,US,31,"29,87",,web,joseph,hernandez,53401
353,john.mitchell353@business.io,John,Mitchell,2275 Main St,Houston,Houston County,NJ,08190,web.net,257-770-7880,Other,1994-05-25,2023-06-10,1,,email_353,,Rent,web.net,music,organic,40.477792,-123.238968,2023-06-10,US,3,"49,72",,manual,john,mitchell,08190
354,barbara.torres354@web.net,Barbara,Torres,9236 Main St,New York,New York County,TN,38254,company.co,683-260-3441,M,1954-05-12,2023-09-07,1,,email_354,Hispanic,Own,company.co,health,domestic,36.814738,-86.344379,2023-09-07,US,2,"50,94",1,import,barbara,torres,38254
355,steven.robinson355@test.org,Steven,Robinson,3958 Main St,Charlotte,Charlotte County,OR,97912,example.com,304-963-5016,M,1998-04-02,2023-08-21,1,,email_355,,,example.com,fashion,rock,29.428475,-105.469523,2023-08-21,US,43,"38,93",1,api,steven,robinson,97912
356,andrew.jones356@web.net,Andrew,Jones,3661 Main St,San Jose,San Jose County,CA,90626,web.net,481-338-1464,Other,1980-04-17,2025-11-06,1,,email_356,Hispanic,,web.net,music,football,27.295913,-110.127026,2025-11-06,US,63,"15,81",0,api,andrew,jones,90626
357,michael.hill357@company.co,Michael,Hill,6321 Main St,San Francisco,San Francisco County,OH,43711,company.co,660-558-6993,Other,2000-01-23,2022-05-03,1,,email_357,Asian,,company.co,fashion,casual,34.174769,-98.694487,2022-05-03,US,9,"27,65",1,import,michael,hill,43711
358,andrew.garcia358@business.io,Andrew,Garcia,7416 Main St,Chicago,Chicago County,IL,61134,web.net,318-322-1944,Other,1998-11-17,2023-09-24,1,,email_358,Other,Own,web.net,food,football,44.774066,-93.364942,2023-09-24,US,98,"21,99",,manual,andrew,garcia,61134
359,james.davis359@example.com,James,Davis,7384 Main St,Chicago,Chicago County,AZ,86623,company.co,690-255-6134,M,2003-01-24,2025-07-23,1,,email_359,White,Own,company.co,music,football,27.295434,-104.184059,2025-07-23,US,4,"14,68",,web,james,davis,86623
360,james.wright360@company.co,James,Wright,4839 Main St,San Francisco,San Francisco County,WI,54677,web.net,437-481-5851,F,1989-07-16,2025-01-18,1,,email_360,,Rent,web.net,finance,investing,33.614415,-78.285471,2025-01-18,US,31,"6,90",0,api,james,wright,54677
361,sandra.hall361@web.net,Sandra,Hall,3190 Main St,Fort Worth,Fort Worth County,DC,20930,example.com,418-935-9963,M,1952-11-11,2026-05-08,1,,email_361,Black,Own,example.com,fashion,rock,30.351418,-81.301630,2026-05-08,US,40,"36,74",,import,sandra,hall,20930
362,elizabeth.young362@company.co,Elizabeth,Young,3656 Main St,San Jose,San Jose County,LA,70501,test.org,293-221-6325,M,1979-07-14,2023-11-16,1,,email_362,Other,,test.org,health,organic,42.445361,-117.823624,2023-11-16,US,77,"17,88",1,api,elizabeth,young,70501
363,michelle.thompson363@mail.com,Michelle,Thompson,8937 Main St,Charlotte,Charlotte County,DE,19702,example.com,546-314-6488,M,2003-02-06,2026-04-27,1,,email_363,Other,Rent,example.com,health,domestic,28.102006,-113.310537,2026-04-27,US,29,"19,66",1,api,michelle,thompson,19702
364,susan.thompson364@web.net,Susan,Thompson,3831 Main St,Columbus,Columbus County,NY,11818,web.net,721-226-7127,M,1991-07-08,2026-08-22,1,,email_364,Hispanic,Rent,web.net,music,domestic,35.712579,-100.411073,2026-08-22,US,35,"18,51",0,import,susan,thompson,11818
365,,Dorothy,Martin,3803 Main St,Columbus,Columbus County,MA,01482,test.org,836-141-2004,M,1981-04-28,2023-12-15,0,,email_365,,Own,test.org,sports,investing,43.516663,-80.895330,2023-12-15,US,90,"49,58",0,api,dorothy,martin,01482
366,,Matthew,Robinson,8866 Main St,Austin,Austin County,AR,72102,mail.com,912-623-9337,Other,2002-12-20,2025-01-27,0,,email_366,Other,Own,mail.com,technology,organic,46.516291,-113.376218,2025-01-27,US,66,"12,93",,web,matthew,robinson,72102
367,,Donna,Garcia,4230 Main St,Phoenix,Phoenix County,ID,83511,mail.com,999-917-3222,F,1983-02-28,2022-01-24,0,,email_367,,Own,mail.com,finance,casual,41.319393,-124.504469,2022-01-24,US,8,"19,74",,import,donna,garcia,83511
368,,Patricia,Mitchell,7894 Main St,Los Angeles,Los Angeles County,LA,71585,web.net,924-584-1364,Other,1973-04-20,2022-09-17,0,,email_368,,Rent,web.net,travel,rock,29.308054,-94.445322,2022-09-17,US,97,"28,93",,manual,patricia,mitchell,71585
369,,Michael,Flores,2640 Main St,Charlotte,Charlotte County,TN,38461,mail.com,836-167-1358,M,2002-11-15,2020-07-02,1,,email_369,Asian,Rent,mail.com,fashion,mobile,40.514402,-79.273610,2020-07-02,US,2,"34,57",1,manual,michael,flores,38461
370,,Joshua,Miller,5580 Main St,Columbus,Columbus County,VT,05418,mail.com,639-501-8558,F,1988-08-14,2022-07-26,0,,email_370,Hispanic,Own,mail.com,sports,mobile,27.743809,-84.885435,2022-07-26,US,64,"6,81",,import,joshua,miller,05418
371,,Joshua,Allen,2397 Main St,Philadelphia,Philadelphia County,CO,80528,company.co,373-250-7497,Other,1996-02-12,2026-06-13,0,,email_371,Black,,company.co,health,investing,36.778562,-94.002325,2026-06-13,US,89,"29,73",0,api,joshua,allen,80528
372,,Christopher,Scott,5236 Main St,Austin,Austin County,TX,76370,example.com,586-813-9205,Other,1981-12-17,2021-02-20,1,,email_372,Asian,Rent,example.com,travel,mobile,31.892131,-89.741194,2021-02-20,US,43,"42,82",,api,christopher,scott,76370
373,no-at-sign,Lisa,Martinez,3620 Main St,Fort Worth,Fort Worth County,MT,59769,mail.com,509-895-4092,M,1979-07-20,2024-03-08,0,,email_373,Other,Own,mail.com,technology,rock,31.666483,-81.542434,2024-03-08,US,55,"47,88",,api,lisa,martinez,59769
374,@missing-local.com,Lisa,Torres,1814 Main St,Jacksonville,Jacksonville County,NM,87734,company.co,754-866-9337,M,1962-12-20,2022-12-27,0,,email_374,Hispanic,Rent,company.co,travel,football,26.099756,-124.139738,2022-12-27,US,76,"1,57",,manual,lisa,torres,87734
375,@missing-local.com,Robert,Walker,6011 Main St,Seattle,Seattle County,RI,03711,mail.com,447-238-3759,Other,1972-11-08,2026-06-06,1,,email_375,White,,mail.com,fashion,fitness,42.252671,-85.599638,2026-06-06,US,50,"26,74",0,web,robert,walker,03711
376,spaces in@email.com,Dorothy,Lewis,135 Main St,Austin,Austin County,AL,36298,mail.com,511-565-4561,F,1973-08-15,2026-06-02,0,,email_376,Asian,Own,mail.com,music,fitness,34.063739,-94.249085,2026-06-02,US,70,"47,89",1,import,dorothy,lewis,36298
377,double@@at.com,Kimberly,Smith,356 Main St,Indianapolis,Indianapolis County,NV,88797,test.org,241-170-8359,Other,2001-07-04,2025-03-11,0,,email_377,White,Rent,test.org,fashion,domestic,38.552549,-112.600382,2025-03-11,US,91,"42,63",0,manual,kimberly,smith,88797
378,no-at-sign,Jessica,Brown,3497 Main St,Chicago,Chicago County,AL,35055,business.io,377-681-6344,F,1969-03-13,2024-12-14,0,,email_378,White,Rent,business.io,finance,football,38.016691,-85.145780,2024-12-14,US,6,"36,100",1,import,jessica,brown,35055
379,double@@at.com,James,Green,7752 Main St,Seattle,Seattle County,NE,69457,mail.com,504-470-9062,Other,1956-04-01,2026-07-27,1,,email_379,Asian,,mail.com,travel,fitness,35.275305,-108.449299,2026-07-27,US,62,"19,96",1,manual,james,green,69457
380,bbb.smith@example.com,bbb,Smith,8560 Main St,San Diego,San Diego County,MO,64357,example.com,364-467-1702,M,2000-05-03,2023-08-27,1,,email_380,Hispanic,,example.com,travel,rock,39.516772,-98.610442,2023-08-27,US,88,"20,82",,import,bbb,smith,64357
381,xxx.green@test.org,xxx,Green,8540 Main St,Denver,Denver County,WI,54149,mail.com,397-931-7513,Other,1956-01-26,2024-01-16,0,,email_381,Asian,Own,mail.com,travel,organic,36.518962,-96.131298,2024-01-16,US,4,"16,73",1,web,xxx,green,54149
382,bbb.williams@mail.com,bbb,Williams,1046 Main St,New York,New York County,NH,03667,company.co,425-267-9040,Other,1998-01-15,2023-01-05,1,,email_382,Asian,,company.co,finance,organic,43.874829,-77.132677,2023-01-05,US,3,"27,77",,web,bbb,williams,03667
383,test.davis@company.co,test,Davis,1549 Main St,Charlotte,Charlotte County,WI,53430,test.org,722-848-3660,F,1995-10-07,2024-12-18,1,,email_383,White,Rent,test.org,technology,mobile,40.705920,-87.867545,2024-12-18,US,3,"40,94",1,api,test,davis,53430
384,asdf.white@business.io,asdf,White,122 Main St,Phoenix,Phoenix County,MS,38990,business.io,565-293-8503,M,1989-11-10,2025-12-28,1,,email_384,,Rent,business.io,music,fitness,29.603406,-86.882426,2025-12-28,US,34,"36,57",,web,asdf,white,38990
385,mary.qwerty@mail.com,Mary,qwerty,237 Main St,Columbus,Columbus County,WY,83423,example.com,506-492-8263,F,1998-02-19,2024-05-26,1,,email_385,White,,example.com,fashion,rock,32.485892,-82.335161,2024-05-26,US,61,"22,58",1,manual,mary,qwerty,83423
386,steven.zzz@web.net,Steven,zzz,126 Main St,Chicago,Chicago County,NH,03721,test.org,370-969-2670,F,1953-12-01,2023-05-10,1,,email_386,White,Rent,test.org,finance,domestic,38.032134,-118.113168,2023-05-10,US,91,"41,69",,manual,steven,zzz,03721
387,steven.test@test.org,Steven,test,5731 Main St,Columbus,Columbus County,GA,31765,example.com,395-175-3891,M,1997-11-06,2020-01-02,1,,email_387,Black,Rent,example.com,fashion,mobile,40.496329,-74.921324,2020-01-02,US,23,"49,74",1,api,steven,test,31765
388,joseph.xyz@company.co,Joseph,xyz,4490 Main St,San Diego,San Diego County,PA,15935,example.com,769-892-4333,M,1951-09-11,2023-09-20,0,,email_388,,Own,example.com,fashion,football,45.516238,-107.785861,2023-09-20,US,52,"1,93",,web,joseph,xyz,15935
389,karen.qwerty@mail.com,Karen,qwerty,673 Main St,Fort Worth,Fort Worth County,OR,97690,example.com,285-511-4786,F,1998-09-26,2026-10-06,0,,email_389,Other,,example.com,health,organic,47.508403,-91.075142,2026-10-06,US,40,"36,86",,import,karen,qwerty,97690
390,robert.johnson@company.co,Robert,Johnson,7589 Main St,Indianapolis,Indianapolis County,MN,99954,company.co,695-529-2456,M,1958-11-15,2021-06-20,0,,email_390,Other,Own,company.co,health,domestic,28.795202,-107.599129,2021-06-20,US,100,"49,98",0,api,robert,johnson,99954
391,elizabeth.allen@web.net,Elizabeth,Allen,3062 Main St,Seattle,Seattle County,NM,30959,test.org,503-741-4682,F,1970-01-08,2023-08-09,1,,email_391,,Own,test.org,health,investing,35.627476,-90.464025,2023-08-09,US,30,"44,68",0,api,elizabeth,allen,30959
392,charles.garcia@web.net,Charles,Garcia,5618 Main St,Denver,Denver County,KS,01861,test.org,833-820-6658,F,1997-09-19,2026-02-06,0,,email_392,White,Own,test.org,fashion,rock,31.692957,-102.585678,2026-02-06,US,99,"7,53",,manual,charles,garcia,01861
393,joseph.wilson@web.net,Joseph,Wilson,8413 Main St,San Antonio,San Antonio County,NE,79145,test.org,205-235-4946,M,1977-11-23,2021-03-16,1,,email_393,Other,Rent,test.org,sports,organic,42.612396,-101.045162,2021-03-16,US,67,"15,59",,import,joseph,wilson,79145
394,lisa.rodriguez@example.com,Lisa,Rodriguez,297 Main St,Dallas,Dallas County,NV,75944,web.net,900-925-3329,F,1975-02-25,2023-04-08,1,,email_394,,Own,web.net,technology,fitness,35.731873,-120.924464,2023-04-08,US,74,"22,91",0,import,lisa,rodriguez,75944
395,emily.emily@mail.com,Emily,Emily,6387 Main St,Seattle,Seattle County,VA,24974,business.io,891-851-2659,Other,1982-08-22,2026-09-27,1,,email_395,Black,Own,business.io,technology,casual,38.024541,-106.926581,2026-09-27,US,65,"20,65",1,manual,emily,emily,24974
396,betty.betty@example.com,Betty,Betty,3706 Main St,Austin,Austin County,MD,22296,web.net,208-741-4251,Other,1959-09-04,2024-06-23,0,,email_396,Black,,web.net,sports,fitness,25.795972,-70.617920,2024-06-23,US,28,"30,66",1,import,betty,betty,22296
397,deborah.deborah@business.io,Deborah,Deborah,883 Main St,Charlotte,Charlotte County,ID,84299,test.org,831-630-8210,M,1960-05-26,2021-05-08,0,,email_397,Black,Own,test.org,sports,mobile,29.310801,-122.471468,2021-05-08,US,68,"37,59",1,api,deborah,deborah,84299
398,young@company.co,,Young,7333 Main St,Philadelphia,Philadelphia County,OH,45449,example.com,449-536-1297,M,1956-12-20,2020-01-06,1,,email_398,Hispanic,,example.com,sports,rock,47.739712,-85.857834,2020-01-06,US,73,"4,78",0,web,,young,45449
399,carter@company.co,,Carter,5101 Main St,Philadelphia,Philadelphia County,CO,80191,example.com,234-953-1170,F,2005-07-08,2020-07-04,0,,email_399,Asian,,example.com,sports,fitness,33.056039,-80.670596,2020-07-04,US,90,"50,52",,import,,carter,80191
400,paul.miller400@example.com,Paul,Miller,7302 Main St,Denver,Denver County,SC,29279,mail.com,686-603-4615,M,1955-08-17,2025-04-05,1,,email_400,White,Own,mail.com,finance,organic,35.210532,-82.666506,2025-04-05,US,96,"43,97",,api,paul,miller,29279
401,karen.young401@business.io,Karen,Young,9709 Main St,San Jose,San Jose County,SC,29808,web.net,681-409-4619,M,1990-02-28,2020-06-08,1,,email_401,,Rent,web.net,finance,rock,30.528081,-78.394865,2020-06-08,US,28,"13,95",0,import,karen,young,29808
402,william.lee402@web.net,William,Lee,5439 Main St,Jacksonville,Jacksonville County,TX,79842,mail.com,224-360-3821,M,2003-06-08,2023-01-01,1,,email_402,Asian,Own,mail.com,fashion,casual,37.424640,-75.215850,2023-01-01,US,24,"24,56",0,import,william,lee,79842
403,william.clark403@example.com,William,Clark,2403 Main St,Los Angeles,Los Angeles County,OH,44627,test.org,790-549-4465,F,1993-11-25,2026-09-03,1,,email_403,Other,Own,test.org,finance,mobile,39.297162,-80.038327,2026-09-03,US,53,"20,66",1,manual,william,clark,44627
404,paul.thomas404@business.io,Paul,Thomas,3657 Main St,San Francisco,San Francisco County,OH,44540,business.io,526-580-1619,Other,1998-12-22,2026-06-01,1,,email_404,White,Rent,business.io,food,casual,44.365551,-107.247132,2026-06-01,US,19,"41,64",1,web,paul,thomas,44540
405,joseph.martinez405@business.io,Joseph,Martinez,3364 Main St,Columbus,Columbus County,IL,60626,mail.com,336-606-6507,M,1983-11-10,2020-05-22,1,,email_405,Asian,,mail.com,travel,investing,44.345582,-78.312261,2020-05-22,US,17,"3,95",,import,joseph,martinez,60626
406,paul.anderson406@example.com,Paul,Anderson,3865 Main St,Houston,Houston County,ID,83830,company.co,671-113-4067,M,1994-03-18,2023-05-04,1,,email_406,Other,Own,company.co,technology,organic,39.281991,-103.459528,2023-05-04,US,31,"34,84",1,api,paul,anderson,83830
407,deborah.johnson407@test.org,Deborah,Johnson,9740 Main St,Seattle,Seattle County,WY,82278,web.net,348-581-6230,Other,1970-04-22,2022-02-17,1,,email_407,White,Rent,web.net,sports,fitness,27.676927,-86.904923,2022-02-17,US,84,"29,66",,web,deborah,johnson,82278
408,robert.martinez408@example.com,Robert,Martinez,9640 Main St,Indianapolis,Indianapolis County,NH,03444,web.net,817-239-6197,M,1957-02-11,2020-03-26,1,,email_408,White,,web.net,finance,casual,36.357460,-108.433374,2020-03-26,US,31,"39,68",,api,robert,martinez,03444
409,ashley.clark409@web.net,Ashley,Clark,7514 Main St,San Jose,San Jose County,DE,19864,test.org,450-701-1537,F,1994-11-08,2022-11-01,1,,email_409,,,test.org,finance,domestic,29.375121,-119.897883,2022-11-01,US,7,"10,59",,api,ashley,clark,19864
410,carol.hernandez410@company.co,Carol,Hernandez,6952 Main St,Fort Worth,Fort Worth County,CA,91857,web.net,908-781-7191,F,1961-01-23,2025-09-18,1,,email_410,Hispanic,Own,web.net,music,casual,40.298665,-100.668590,2025-09-18,US,56,"35,97",,web,carol,hernandez,91857
411,charles.nelson411@company.co,Charles,Nelson,5648 Main St,Philadelphia,Philadelphia County,CA,90557,test.org,689-634-5423,Other,1952-08-08,2024-12-20,1,,email_411,Black,,test.org,technology,domestic,45.182977,-85.957305,2024-12-20,US,92,"43,56",,manual,charles,nelson,90557
412,deborah.martinez412@test.org,Deborah,Martinez,9508 Main St,Washington,Washington County,WA,99762,business.io,436-897-2428,F,1979-11-15,2022-07-10,1,,email_412,White,Own,business.io,travel,rock,39.437039,-83.517590,2022-07-10,US,13,"13,81",,api,deborah,martinez,99762
413,joseph.jones413@mail.com,Joseph,Jones,5380 Main St,New York,New York County,WA,98606,mail.com,253-116-9690,Other,1978-06-26,2022-09-06,1,,email_413,Hispanic,Rent,mail.com,finance,football,25.863654,-100.060809,2022-09-06,US,18,"10,58",1,web,joseph,jones,98606
414,john.rivera414@example.com,John,Rivera,786 Main St,New York,New York County,NE,68259,business.io,560-565-6413,M,1990-01-21,2024-05-21,1,,email_414,White,Own,business.io,health,domestic,34.626128,-115.928100,2024-05-21,US,74,"42,80",1,web,john,rivera,68259
415,richard.flores415@mail.com,Richard,Flores,7142 Main St,Charlotte,Charlotte County,ND,58566,web.net,452-330-4613,F,1955-04-08,2023-11-12,1,,email_415,Hispanic,Rent,web.net,travel,organic,30.483205,-88.255030,2023-11-12,US,91,"11,72",1,import,richard,flores,58566
416,nancy.harris416@example.com,Nancy,Harris,3424 Main St,Denver,Denver County,DE,19548,business.io,519-390-2099,F,1964-01-12,2021-06-15,1,,email_416,Asian,Own,business.io,sports,casual,30.951554,-72.785272,2021-06-15,US,89,"10,81",0,import,nancy,harris,19548
417,david.baker417@web.net,David,Baker,5271 Main St,Fort Worth,Fort Worth County,ME,03416,web.net,250-196-7587,Other,1997-09-24,2020-01-01,1,,email_417,Asian,Own,web.net,health,investing,36.323494,-76.275515,2020-01-01,US,27,"43,93",,api,david,baker,03416
418,nancy.garcia418@web.net,Nancy,Garcia,2016 Main St,San Antonio,San Antonio County,TX,79383,example.com,299-291-8649,M,1959-11-20,2021-04-09,1,,email_418,White,Rent,example.com,sports,rock,39.228598,-84.381611,2021-04-09,US,99,"4,91",,api,nancy,garcia,79383
419,william.nelson419@company.co,William,Nelson,3192 Main St,San Diego,San Diego County,SD,57148,company.co,424-195-1861,Other,1991-08-13,2026-03-18,1,,email_419,Asian,Rent,company.co,travel,mobile,35.685643,-91.604117,2026-03-18,US,53,"35,53",,import,william,nelson,57148
420,daniel.garcia420@company.co,Daniel,Garcia,720 Main St,San Francisco,San Francisco County,PA,18195,example.com,439-581-9182,F,1985-04-07,2026-08-02,1,,email_420,Hispanic,,example.com,food,investing,36.636245,-116.809230,2026-08-02,US,77,"33,74",,api,daniel,garcia,18195
421,andrew.brown421@mail.com,Andrew,Brown,6201 Main St,San Francisco,San Francisco County,CO,80221,company.co,882-443-1065,Other,1997-02-20,2025-05-11,1,,email_421,Other,Own,company.co,food,football,45.836035,-91.677331,2025-05-11,US,38,"37,59",1,manual,andrew,brown,80221
422,kenneth.baker422@business.io,Kenneth,Baker,5212 Main St,San Francisco,San Francisco County,VA,24891,company.co,566-467-1087,Other,1987-01-15,2021-02-02,1,,email_422,,Rent,company.co,food,casual,39.424009,-101.961993,2021-02-02,US,86,"12,95",1,web,kenneth,baker,24891
423,karen.wright423@company.co,Karen,Wright,7528 Main St,Austin,Austin County,DE,19144,web.net,910-437-7726,Other,2004-01-22,2025-06-24,1,,email_423,White,,web.net,health,domestic,35.471282,-71.229436,2025-06-24,US,13,"28,66",1,import,karen,wright,19144
424,carol.gonzalez424@example.com,Carol,Gonzalez,6916 Main St,Jacksonville,Jacksonville County,MI,48730,web.net,774-318-7832,F,1994-10-16,2020-01-20,1,,email_424,Black,Own,web.net,food,fitness,39.072435,-85.383757,2020-01-20,US,90,"20,80",1,import,carol,gonzalez,48730
425,karen.young425@company.co,Karen,Young,9087 Main St,Chicago,Chicago County,MA,01481,business.io,907-478-6806,F,1995-03-10,2025-11-08,1,,email_425,,Own,business.io,finance,domestic,47.786701,-116.019684,2025-11-08,US,91,"32,76",,manual,karen,young,01481
426,joshua.lee426@test.org,Joshua,Lee,6901 Main St,Philadelphia,Philadelphia County,TX,79302,company.co,223-367-8390,Other,1960-08-26,2020-02-03,1,,email_426,Hispanic,Own,company.co,health,casual,33.910141,-121.449902,2020-02-03,US,51,"30,54",1,import,joshua,lee,79302
427,margaret.king427@business.io,Margaret,King,7673 Main St,Seattle,Seattle County,TN,38775,company.co,208-541-1073,Other,1968-06-28,2024-01-15,1,,email_427,White,Rent,company.co,finance,football,26.292834,-93.747902,2024-01-15,US,9,"47,65",,import,margaret,king,38775
428,paul.scott428@test.org,Paul,Scott,4302 Main St,Indianapolis,Indianapolis County,FL,34812,web.net,904-522-4827,M,1989-02-25,2021-09-07,1,,email_428,White,Own,web.net,music,domestic,33.230446,-100.651895,2021-09-07,US,18,"21,64",1,api,paul,scott,34812
429,ashley.robinson429@example.com,Ashley,Robinson,8207 Main St,Houston,Houston County,IA,51400,mail.com,310-273-5752,Other,1962-09-14,2021-01-20,1,,email_429,Other,,mail.com,fashion,casual,46.585206,-93.780278,2021-01-20,US,41,"5,93",,manual,ashley,robinson,51400
430,deborah.anderson430@web.net,Deborah,Anderson,8502 Main St,Phoenix,Phoenix County,SD,57156,company.co,822-123-2855,M,2003-10-18,2020-05-18,1,,email_430,,Own,company.co,technology,fitness,36.965321,-110.629717,2020-05-18,US,42,"23,61",1,manual,deborah,anderson,57156
431,george.roberts431@test.org,George,Roberts,7467 Main St,San Antonio,San Antonio County,WA,99420,web.net,897-931-2203,Other,1951-10-20,2020-09-28,1,,email_431,White,Rent,web.net,finance,football,42.870343,-74.802664,2020-09-28,US,13,"17,85",,web,george,roberts,99420
432,susan.jones432@company.co,Susan,Jones,162 Main St,Phoenix,Phoenix County,NY,11091,business.io,228-694-2048,M,2005-07-19,2022-01-07,1,,email_432,Black,Rent,business.io,technology,domestic,40.387673,-123.089879,2022-01-07,US,35,"28,65",1,manual,susan,jones,11091
433,steven.king433@web.net,Steven,King,6875 Main St,New York,New York County,NM,87824,business.io,930-898-5776,Other,1963-05-06,2025-11-27,1,,email_433,Asian,Own,business.io,food,fitness,41.920558,-122.080740,2025-11-27,US,93,"27,71",1,import,steven,king,87824
434,richard.miller434@web.net,Richard,Miller,6419 Main St,Seattle,Seattle County,MN,55843,web.net,375-784-9533,M,1964-06-13,2026-01-10,1,,email_434,White,Own,web.net,fashion,investing,27.885581,-108.228113,2026-01-10,US,35,"33,71",0,web,richard,miller,55843
435,linda.martin435@company.co,Linda,Martin,284 Main St,San Diego,San Diego County,GA,30830,test.org,278-963-7093,Other,1976-10-03,2024-12-03,1,,email_435,White,Rent,test.org,health,domestic,25.391270,-92.074193,2024-12-03,US,86,"42,87",,manual,linda,martin,30830
436,patricia.jones436@mail.com,Patricia,Jones,7790 Main St,San Antonio,San Antonio County,ND,58275,web.net,444-718-9501,M,1952-08-01,2023-05-03,1,,email_436,Asian,Rent,web.net,technology,domestic,46.535973,-117.755259,2023-05-03,US,26,"43,63",1,import,patricia,jones,58275
437,sarah.hill437@example.com,Sarah,Hill,9863 Main St,Los Angeles,Los Angeles County,SD,57665,example.com,856-639-6892,F,1975-05-04,2023-04-09,1,,email_437,Other,Rent,example.com,food,football,40.258127,-79.760223,2023-04-09,US,36,"9,61",1,web,sarah,hill,57665
438,carol.baker438@web.net,Carol,Baker,4541 Main St,San Diego,San Diego County,NE,69478,business.io,673-783-3468,F,1957-01-02,2023-05-01,1,,email_438,Asian,Own,business.io,technology,organic,46.570676,-114.482245,2023-05-01,US,31,"14,89",,web,carol,baker,69478
439,kimberly.green439@mail.com,Kimberly,Green,383 Main St,Philadelphia,Philadelphia County,CO,80720,example.com,655-411-8566,F,1962-07-24,2024-09-07,1,,email_439,,Rent,example.com,technology,organic,33.703621,-95.864181,2024-09-07,US,60,"47,86",0,web,kimberly,green,80720
440,david.williams440@example.com,David,Williams,7438 Main St,Fort Worth,Fort Worth County,KS,66661,mail.com,471-252-8342,Other,1950-01-27,2023-09-06,1,,email_440,Asian,Rent,mail.com,fashion,football,42.317472,-73.644197,2023-09-06,US,93,"12,93",1,import,david,williams,66661
441,elizabeth.roberts441@example.com,Elizabeth,Roberts,3252 Main St,San Antonio,San Antonio County,TX,76362,mail.com,916-334-1367,Other,1970-11-22,2020-06-05,1,,email_441,Hispanic,Rent,mail.com,sports,fitness,38.079252,-88.849383,2020-06-05,US,50,"50,83",,api,elizabeth,roberts,76362
442,elizabeth.torres442@mail.com,Elizabeth,Torres,8670 Main St,Dallas,Dallas County,MD,21252,mail.com,541-965-1370,Other,1971-12-22,2024-07-16,1,,email_442,Black,Rent,mail.com,health,casual,41.826406,-115.208549,2024-07-16,US,69,"41,96",,manual,elizabeth,torres,21252
443,george.thomas443@mail.com,George,Thomas,685 Main St,San Francisco,San Francisco County,KY,41451,web.net,931-239-7945,M,1967-01-28,2024-11-09,1,,email_443,Black,Rent,web.net,technology,football,38.563237,-93.335292,2024-11-09,US,70,"44,74",,import,george,thomas,41451
444,michelle.baker444@business.io,Michelle,Baker,6275 Main St,San Antonio,San Antonio County,WI,53448,business.io,320-123-5836,F,1986-02-22,2020-01-03,1,,email_444,,,business.io,finance,mobile,25.827231,-115.364840,2020-01-03,US,99,"41,83",,manual,michelle,baker,53448
445,jennifer.harris445@test.org,Jennifer,Harris,9025 Main St,Fort Worth,Fort Worth County,ME,03498,business.io,850-890-2063,M,1975-10-15,2025-11-15,1,,email_445,,,business.io,sports,domestic,26.797343,-98.034577,2025-11-15,US,93,"30,99",,api,jennifer,harris,03498
446,sandra.baker446@test.org,Sandra,Baker,9611 Main St,Washington,Washington County,WV,25292,web.net,659-457-9665,M,1965-10-08,2026-10-24,1,,email_446,Black,Rent,web.net,technology,casual,40.121771,-91.483924,2026-10-24,US,22,"32,70",0,api,sandra,baker,25292
447,nancy.mitchell447@mail.com,Nancy,Mitchell,970 Main St,Denver,Denver County,IA,50257,test.org,216-534-8942,F,1976-04-19,2023-12-28,1,,email_447,Other,Rent,test.org,music,investing,32.277401,-72.750696,2023-12-28,US,17,"11,69",1,manual,nancy,mitchell,50257
448,betty.gonzalez448@company.co,Betty,Gonzalez,8796 Main St,Dallas,Dallas County,VA,24207,mail.com,666-940-5083,Other,1954-04-12,2023-01-27,1,,email_448,,,mail.com,fashion,domestic,35.835818,-76.082491,2023-01-27,US,73,"37,66",0,web,betty,gonzalez,24207
449,emily.jackson449@web.net,Emily,Jackson,6535 Main St,Philadelphia,Philadelphia County,IN,47698,web.net,584-283-5871,F,1964-02-14,2023-08-04,1,,email_449,,,web.net,sports,investing,37.785137,-104.860222,2023-08-04,US,89,"28,59",1,manual,emily,jackson,47698
450,michael.ramirez450@business.io,Michael,Ramirez,4166 Main St,Columbus,Columbus County,NY,11494,business.io,262-611-3312,M,1985-02-04,2023-02-22,1,,email_450,White,Own,business.io,health,organic,46.446975,-73.303181,2023-02-22,US,93,"24,82",,web,michael,ramirez,11494
451,timothy.martin451@company.co,Timothy,Martin,1860 Main St,Philadelphia,Philadelphia County,UT,84373,mail.com,992-379-7431,Other,1998-07-03,2020-01-09,1,,email_451,White,,mail.com,music,organic,32.253295,-71.428084,2020-01-09,US,85,"5,85",,import,timothy,martin,84373
452,paul.white452@mail.com,Paul,White,1795 Main St,San Antonio,San Antonio County,IN,47695,company.co,333-516-6221,Other,2000-01-13,2025-07-19,1,,email_452,Asian,,company.co,finance,domestic,31.371977,-82.745628,2025-07-19,US,60,"33,61",,import,paul,white,47695
453,deborah.gonzalez453@web.net,Deborah,Gonzalez,9346 Main St,San Antonio,San Antonio County,CA,93533,company.co,535-817-8252,F,2001-03-09,2020-12-07,1,,email_453,Other,,company.co,travel,football,33.393184,-106.652902,2020-12-07,US,98,"27,53",0,import,deborah,gonzalez,93533
454,melissa.taylor454@mail.com,Melissa,Taylor,1145 Main St,Seattle,Seattle County,HI,97479,test.org,860-224-9684,M,1965-01-08,2024-08-02,1,,email_454,Asian,Own,test.org,music,casual,35.776002,-113.921227,2024-08-02,US,93,"10,97",,web,melissa,taylor,97479
455,james.perez455@web.net,James,Perez,7470 Main St,Charlotte,Charlotte County,PA,16844,mail.com,367-278-2560,F,1963-03-21,2022-06-24,1,,email_455,Black,Own,mail.com,finance,organic,32.579441,-73.403815,2022-06-24,US,38,"35,78",0,api,james,perez,16844
456,mary.harris456@company.co,Mary,Harris,7265 Main St,San Diego,San Diego County,SC,29318,web.net,396-977-3400,Other,1959-06-05,2025-01-23,1,,email_456,Asian,Rent,web.net,finance,football,38.180803,-99.337908,2025-01-23,US,62,"14,51",0,import,mary,harris,29318
457,james.wilson457@mail.com,James,Wilson,1068 Main St,Jacksonville,Jacksonville County,IN,47716,business.io,872-281-5307,M,1985-04-26,2024-03-26,1,,email_457,White,Own,business.io,food,fitness,43.991265,-112.114120,2024-03-26,US,77,"45,64",1,import,james,wilson,47716
458,patricia.flores458@business.io,Patricia,Flores,1185 Main St,San Diego,San Diego County,NM,88914,company.co,308-139-5572,F,1999-09-17,2021-01-28,1,,email_458,White,Rent,company.co,food,rock,33.364777,-106.815477,2021-01-28,US,42,"5,51",1,web,patricia,flores,88914
459,timothy.lopez459@mail.com,Timothy,Lopez,777 Main St,Indianapolis,Indianapolis County,FL,33924,business.io,658-423-7918,F,2002-03-27,2026-04-03,1,,email_459,Hispanic,Own,business.io,fashion,domestic,41.602055,-70.521110,2026-04-03,US,8,"5,55",0,import,timothy,lopez,33924
460,donald.anderson460@company.co,Donald,Anderson,6984 Main St,San Jose,San Jose County,IL,61971,company.co,659-193-1776,M,1973-07-21,2025-03-28,1,,email_460,,Own,company.co,sports,investing,32.122873,-70.047186,2025-03-28,US,38,"2,65",1,web,donald,anderson,61971
461,michael.lewis461@example.com,Michael,Lewis,1159 Main St,Washington,Washington County,NV,88452,company.co,606-381-8960,M,1953-12-23,2020-07-28,1,,email_461,Asian,Own,company.co,travel,organic,25.786690,-105.160806,2020-07-28,US,71,"28,53",,manual,michael,lewis,88452
462,patricia.sanchez462@test.org,Patricia,Sanchez,2004 Main St,Houston,Houston County,OK,74320,web.net,217-500-6104,M,1957-07-25,2024-03-19,1,,email_462,Black,Own,web.net,sports,football,34.221823,-108.406879,2024-03-19,US,2,"33,83",1,api,patricia,sanchez,74320
463,susan.smith463@business.io,Susan,Smith,7526 Main St,Dallas,Dallas County,MT,59681,web.net,332-298-3758,Other,1962-07-15,2022-06-06,1,,email_463,Black,,web.net,technology,investing,32.452238,-91.437531,2022-06-06,US,67,"1,93",,web,susan,smith,59681
464,betty.green464@example.com,Betty,Green,6072 Main St,Seattle,Seattle County,NH,03976,mail.com,606-798-6992,F,1973-09-15,2020-09-03,1,,email_464,Black,Own,mail.com,travel,organic,47.367573,-115.418309,2020-09-03,US,2,"23,93",0,manual,betty,green,03976
465,,Jennifer,Jones,1402 Main St,Seattle,Seattle County,AR,71425,business.io,338-326-2749,Other,1966-07-01,2025-10-21,1,,email_465,Asian,Own,business.io,sports,domestic,29.420802,-102.317757,2025-10-21,US,85,"30,100",1,web,jennifer,jones,71425
466,,George,Mitchell,4765 Main St,San Francisco,San Francisco County,ME,03218,mail.com,868-727-8047,Other,2000-03-03,2024-12-19,0,,email_466,White,Own,mail.com,health,rock,25.897856,-71.807664,2024-12-19,US,48,"46,52",,manual,george,mitchell,03218
467,,Lisa,Scott,8933 Main St,San Jose,San Jose County,FL,33329,mail.com,244-875-4134,M,1980-08-23,2023-07-19,1,,email_467,Hispanic,Rent,mail.com,fashion,mobile,26.743564,-119.075960,2023-07-19,US,5,"36,94",1,web,lisa,scott,33329
468,,Kimberly,White,6821 Main St,Charlotte,Charlotte County,OH,45976,mail.com,748-330-9765,M,1965-02-19,2026-06-26,0,,email_468,Black,Own,mail.com,finance,mobile,42.885268,-103.076313,2026-06-26,US,30,"38,60",0,api,kimberly,white,45976
469,,Steven,Young,6652 Main St,Dallas,Dallas County,TX,79376,example.com,873-342-6541,Other,1958-05-02,2026-03-11,1,,email_469,Other,Rent,example.com,fashion,organic,39.505873,-95.132486,2026-03-11,US,41,"17,85",1,web,steven,young,79376
470,,Amanda,Anderson,1560 Main St,Denver,Denver County,OR,97092,example.com,662-218-8321,Other,1958-03-17,2020-05-05,1,,email_470,,,example.com,finance,domestic,46.572634,-111.010692,2020-05-05,US,57,"20,88",1,import,amanda,anderson,97092
471,,Joseph,Rivera,9726 Main St,San Diego,San Diego County,NY,14782,company.co,792-570-1137,F,1982-04-25,2022-01-24,0,,email_471,,Own,company.co,technology,football,35.183905,-93.223299,2022-01-24,US,93,"22,63",0,api,joseph,rivera,14782
472,,Susan,Gonzalez,1026 Main St,Denver,Denver County,MN,56825,web.net,752-110-7965,M,2001-03-17,2025-09-19,1,,email_472,Asian,Own,web.net,travel,investing,28.126594,-94.908617,2025-09-19,US,52,"7,88",1,web,susan,gonzalez,56825
473,no-at-sign,Susan,Garcia,7382 Main St,New York,New York County,NC,28310,web.net,411-617-7708,F,1998-07-18,2023-02-11,1,,email_473,,Own,web.net,food,casual,27.236481,-123.103065,2023-02-11,US,28,"2,80",1,web,susan,garcia,28310
474,not-an-email,Paul,Hill,5670 Main St,Jacksonville,Jacksonville County,OR,97436,company.co,837-794-7597,M,1982-08-09,2025-11-21,0,,email_474,,Own,company.co,technology,rock,45.126418,-82.682598,2025-11-21,US,54,"19,83",0,web,paul,hill,97436
475,double@@at.com,Linda,Davis,4884 Main St,Jacksonville,Jacksonville County,CO,81664,company.co,445-559-4632,Other,1987-01-04,2025-05-12,1,,email_475,Other,Rent,company.co,music,mobile,46.312739,-120.509660,2025-05-12,US,82,"36,77",,import,linda,davis,81664
476,no-at-sign,Kevin,Hill,3278 Main St,Austin,Austin County,OK,73561,example.com,382-304-1232,M,1977-03-06,2022-01-14,1,,email_476,,Rent,example.com,fashion,domestic,28.095379,-96.527206,2022-01-14,US,22,"6,71",1,import,kevin,hill,73561
477,double@@at.com,Brian,Robinson,8256 Main St,Washington,Washington County,UT,84389,web.net,549-572-4481,M,1961-03-09,2024-03-23,0,,email_477,Black,Own,web.net,health,fitness,47.349211,-123.487450,2024-03-23,US,83,"44,88",0,import,brian,robinson,84389
478,@missing-local.com,Joseph,Davis,4685 Main St,Los Angeles,Los Angeles County,GA,30558,mail.com,786-280-6044,F,1974-01-20,2024-04-02,0,,email_478,Asian,,mail.com,finance,investing,46.143945,-73.474221,2024-04-02,US,73,"37,74",,import,joseph,davis,30558
479,@missing-local.com,Mark,Jackson,904 Main St,San Francisco,San Francisco County,OH,43867,company.co,308-359-5748,M,2001-01-01,2024-11-22,1,,email_479,,,company.co,health,investing,30.509382,-70.007047,2024-11-22,US,57,"17,67",0,manual,mark,jackson,43867
480,aaa.johnson@company.co,aaa,Johnson,8041 Main St,Washington,Washington County,HI,97165,mail.com,394-597-9976,Other,1953-05-03,2026-07-18,1,,email_480,Asian,,mail.com,music,rock,27.523665,-100.091919,2026-07-18,US,45,"33,84",,manual,aaa,johnson,97165
481,xxx.baker@business.io,xxx,Baker,179 Main St,San Jose,San Jose County,CA,92455,business.io,257-840-8977,F,2001-10-25,2024-02-20,1,,email_481,Black,Own,business.io,music,investing,43.373319,-101.528684,2024-02-20,US,18,"28,68",,import,xxx,baker,92455
482,bbb.ramirez@company.co,bbb,Ramirez,5078 Main St,Los Angeles,Los Angeles County,CA,95889,example.com,900-267-2965,M,2005-09-06,2023-02-13,1,,email_482,,Own,example.com,food,rock,45.687539,-80.038137,2023-02-13,US,28,"8,92",0,manual,bbb,ramirez,95889
483,admin.carter@example.com,admin,Carter,1186 Main St,Austin,Austin County,CO,81619,test.org,588-711-2634,Other,1985-11-05,2021-12-01,0,,email_483,Asian,Rent,test.org,music,organic,31.009268,-84.763534,2021-12-01,US,98,"8,69",0,import,admin,carter,81619
484,aaa.allen@business.io,aaa,Allen,714 Main St,Fort Worth,Fort Worth County,DE,19326,company.co,805-902-1954,Other,1963-03-25,2021-01-16,1,,email_484,White,Rent,company.co,food,organic,39.346893,-111.938089,2021-01-16,US,3,"32,87",,manual,aaa,allen,19326
485,joseph.xyz@web.net,Joseph,xyz,8676 Main St,Dallas,Dallas County,LA,70230,web.net,952-802-8104,F,1990-02-23,2022-01-28,1,,email_485,Black,Rent,web.net,health,domestic,38.789767,-76.504818,2022-01-28,US,65,"31,92",,manual,joseph,xyz,70230
486,margaret.zzz@test.org,Margaret,zzz,6515 Main St,Dallas,Dallas County,AL,36253,company.co,630-118-4441,Other,2003-04-16,2025-09-01,1,,email_486,Other,Rent,company.co,finance,organic,28.812555,-98.683259,2025-09-01,US,48,"33,51",1,import,margaret,zzz,36253
487,james.test@web.net,James,test,5818 Main St,Austin,Austin County,LA,70883,test.org,302-846-4608,M,1988-01-05,2021-08-26,0,,email_487,Asian,Own,test.org,fashion,casual,32.878754,-89.158996,2021-08-26,US,55,"33,86",0,manual,james,test,70883
488,george.fake@mail.com,George,fake,767 Main St,San Antonio,San Antonio County,AL,35467,example.com,613-793-5330,F,2001-08-02,2023-01-07,0,,email_488,Asian,,example.com,fashion,casual,41.326644,-104.608020,2023-01-07,US,9,"13,93",,web,george,fake,35467
489,sandra.dummy@mail.com,Sandra,dummy,9809 Main St,Dallas,Dallas County,MT,59585,business.io,965-915-1715,F,1951-02-02,2025-08-14,1,,email_489,Black,Own,business.io,technology,investing,30.726642,-111.840133,2025-08-14,US,58,"34,60",0,web,sandra,dummy,59585
490,mary.moore@example.com,Mary,Moore,6797 Main St,Fort Worth,Fort Worth County,IA,70600,test.org,809-216-3432,F,1977-11-20,2021-09-11,1,,email_490,Hispanic,Own,test.org,music,casual,40.754574,-121.085597,2021-09-11,US,51,"28,83",,import,mary,moore,70600
491,margaret.lee@test.org,Margaret,Lee,9305 Main St,Indianapolis,Indianapolis County,OH,12473,company.co,349-433-5598,F,1969-06-23,2025-10-16,1,,email_491,Other,Own,company.co,technology,football,29.506190,-80.221812,2025-10-16,US,97,"16,65",1,web,margaret,lee,12473
492,elizabeth.davis@test.org,Elizabeth,Davis,7808 Main St,San Antonio,San Antonio County,NC,50668,business.io,560-366-4436,F,1953-07-19,2021-02-18,0,,email_492,Asian,Own,business.io,music,investing,30.114768,-123.600607,2021-02-18,US,69,"19,71",0,web,elizabeth,davis,50668
493,john.nguyen@web.net,John,Nguyen,7787 Main St,Dallas,Dallas County,VT,15362,test.org,672-303-7896,F,1988-10-22,2025-07-10,0,,email_493,Other,Own,test.org,health,domestic,43.753410,-99.411778,2025-07-10,US,40,"27,79",1,web,john,nguyen,15362
494,deborah.perez@test.org,Deborah,Perez,9414 Main St,Washington,Washington County,WY,38540,business.io,720-917-5358,F,1977-12-25,2023-04-12,1,,email_494,White,Own,business.io,food,investing,36.927296,-100.553339,2023-04-12,US,21,"48,70",1,web,deborah,perez,38540
495,joseph.joseph@example.com,Joseph,Joseph,5674 Main St,Houston,Houston County,VA,24662,mail.com,491-627-6857,Other,1952-09-27,2026-07-15,0,,email_495,Hispanic,Own,mail.com,travel,domestic,47.567583,-123.231562,2026-07-15,US,72,"11,67",,web,joseph,joseph,24662
496,kimberly.kimberly@example.com,Kimberly,Kimberly,2768 Main St,Denver,Denver County,KY,42680,test.org,837-304-3669,M,1972-08-04,2022-08-10,0,,email_496,Asian,Own,test.org,fashion,casual,25.972512,-102.051539,2022-08-10,US,38,"35,65",1,manual,kimberly,kimberly,42680
497,andrew.andrew@example.com,Andrew,Andrew,9217 Main St,San Francisco,San Francisco County,MD,22735,mail.com,840-396-8910,Other,1982-10-21,2021-06-16,1,,email_497,Other,Own,mail.com,food,fitness,34.924650,-88.314867,2021-06-16,US,92,"17,75",,import,andrew,andrew,22735
498,allen@company.co,,Allen,8052 Main St,Phoenix,Phoenix County,KS,66513,business.io,909-329-9030,F,1960-08-19,2022-08-08,0,,email_498,Asian,,business.io,technology,casual,35.290391,-115.706514,2022-08-08,US,21,"33,95",0,import,,allen,66513
499,lee@test.org,,Lee,5183 Main St,New York,New York County,MO,65465,example.com,603-181-5504,M,1990-03-02,2025-04-23,0,,email_499,Other,Own,example.com,technology,fitness,26.014623,-115.265345,2025-04-23,US,91,"49,51",,web,,lee,65465
500,david.white500@test.org,David,White,6618 Main St,Columbus,Columbus County,TN,37247,company.co,522-773-7420,Other,1970-05-06,2020-02-17,1,,email_500,Other,,company.co,finance,mobile,39.510486,-93.503544,2020-02-17,US,67,"2,52",0,import,david,white,37247
501,kevin.jackson501@test.org,Kevin,Jackson,8454 Main St,Chicago,Chicago County,IN,47458,company.co,391-950-4618,F,1963-11-07,2022-02-26,1,,email_501,White,Own,company.co,finance,mobile,41.729627,-76.102759,2022-02-26,US,62,"33,53",0,manual,kevin,jackson,47458
502,kimberly.walker502@test.org,Kimberly,Walker,6276 Main St,Houston,Houston County,LA,70383,test.org,995-409-3321,M,1980-01-07,2020-10-22,1,,email_502,Other,,test.org,finance,fitness,37.706438,-122.249075,2020-10-22,US,76,"37,83",0,api,kimberly,walker,70383
503,paul.gonzalez503@company.co,Paul,Gonzalez,5426 Main St,Columbus,Columbus County,CO,81746,example.com,527-727-3457,Other,2001-02-17,2023-10-13,1,,email_503,Black,,example.com,technology,casual,44.264523,-83.122728,2023-10-13,US,92,"1,85",0,import,paul,gonzalez,81746
504,dorothy.sanchez504@example.com,Dorothy,Sanchez,6616 Main St,San Diego,San Diego County,NE,69945,business.io,308-859-4313,F,1952-06-20,2025-02-14,1,,email_504,Asian,,business.io,health,fitness,28.843877,-93.565917,2025-02-14,US,10,"48,76",0,api,dorothy,sanchez,69945
505,kevin.lee505@company.co,Kevin,Lee,6071 Main St,Dallas,Dallas County,HI,97612,example.com,344-755-1164,F,1983-05-10,2020-04-18,1,,email_505,Black,,example.com,travel,investing,40.832654,-88.031669,2020-04-18,US,42,"9,90",1,api,kevin,lee,97612
506,linda.lopez506@business.io,Linda,Lopez,8587 Main St,San Jose,San Jose County,MI,49569,test.org,978-708-2303,M,1972-10-24,2021-09-10,1,,email_506,Hispanic,Own,test.org,travel,football,30.940587,-107.875731,2021-09-10,US,22,"40,61",1,web,linda,lopez,49569
507,patricia.thomas507@web.net,Patricia,Thomas,339 Main St,San Antonio,San Antonio County,SD,57181,business.io,428-967-3100,F,1957-06-08,2020-10-08,1,,email_507,Black,,business.io,technology,mobile,29.597026,-90.929969,2020-10-08,US,54,"2,55",,api,patricia,thomas,57181
508,ashley.thompson508@test.org,Ashley,Thompson,8567 Main St,New York,New York County,KY,41165,test.org,732-469-4287,M,1964-02-12,2025-01-15,1,,email_508,Asian,Rent,test.org,finance,domestic,27.037420,-102.761664,2025-01-15,US,77,"46,70",1,web,ashley,thompson,41165
509,kevin.martin509@test.org,Kevin,Martin,8272 Main St,San Antonio,San Antonio County,DC,20081,example.com,551-738-8776,Other,2000-10-07,2026-01-21,1,,email_509,,Own,example.com,food,mobile,46.104174,-122.156141,2026-01-21,US,65,"40,89",0,manual,kevin,martin,20081
510,george.martinez510@company.co,George,Martinez,3769 Main St,San Diego,San Diego County,KY,41073,mail.com,371-246-6934,M,1977-09-09,2023-10-05,1,,email_510,,Own,mail.com,travel,domestic,37.619155,-72.684476,2023-10-05,US,3,"22,75",,import,george,martinez,41073
511,patricia.young511@company.co,Patricia,Young,660 Main St,Austin,Austin County,WV,26488,mail.com,364-153-5487,Other,1995-07-02,2026-03-22,1,,email_511,Asian,Rent,mail.com,travel,football,33.865869,-121.077166,2026-03-22,US,84,"43,72",,web,patricia,young,26488
512,sandra.williams512@test.org,Sandra,Williams,865 Main St,Houston,Houston County,NE,68114,example.com,966-738-3858,F,1977-11-08,2024-06-26,1,,email_512,White,,example.com,food,organic,41.070588,-79.929657,2024-06-26,US,89,"41,82",,import,sandra,williams,68114
513,kimberly.gonzalez513@business.io,Kimberly,Gonzalez,514 Main St,Phoenix,Phoenix County,MA,02595,example.com,648-648-9280,F,1988-04-03,2024-02-17,1,,email_513,Hispanic,Rent,example.com,fashion,rock,45.212437,-122.609436,2024-02-17,US,2,"49,76",1,import,kimberly,gonzalez,02595
514,kimberly.anderson514@business.io,Kimberly,Anderson,6240 Main St,Dallas,Dallas County,OK,73034,test.org,920-372-6163,Other,1968-08-27,2023-09-06,1,,email_514,Black,Rent,test.org,finance,investing,47.733508,-123.416247,2023-09-06,US,27,"18,68",0,import,kimberly,anderson,73034
515,michelle.miller515@company.co,Michelle,Miller,858 Main St,Phoenix,Phoenix County,DC,20819,example.com,689-157-3031,Other,1961-10-13,2023-08-27,1,,email_515,Asian,Own,example.com,technology,rock,36.048324,-105.745291,2023-08-27,US,84,"9,95",1,web,michelle,miller,20819
516,david.wilson516@example.com,David,Wilson,8299 Main St,Indianapolis,Indianapolis County,ID,83155,web.net,610-699-4500,M,1974-04-01,2025-06-02,1,,email_516,White,Own,web.net,finance,domestic,37.261462,-107.641703,2025-06-02,US,36,"21,89",1,web,david,wilson,83155
517,steven.johnson517@example.com,Steven,Johnson,1944 Main St,Indianapolis,Indianapolis County,WY,83938,company.co,331-792-3223,F,1978-04-26,2021-04-20,1,,email_517,Asian,Rent,company.co,sports,organic,42.273263,-98.584539,2021-04-20,US,23,"9,51",0,api,steven,johnson,83938
518,thomas.flores518@business.io,Thomas,Flores,1729 Main St,Denver,Denver County,AR,72664,test.org,964-170-3609,Other,1970-11-21,2023-01-24,1,,email_518,Black,,test.org,health,mobile,39.035842,-70.140521,2023-01-24,US,60,"36,56",1,manual,thomas,flores,72664
519,michael.davis519@business.io,Michael,Davis,4254 Main St,Dallas,Dallas County,ND,58851,example.com,229-816-9639,Other,2004-05-13,2024-09-06,1,,email_519,Black,Own,example.com,travel,domestic,33.270630,-108.073820,2024-09-06,US,28,"29,58",1,import,michael,davis,58851
520,kimberly.rivera520@example.com,Kimberly,Rivera,473 Main St,Indianapolis,Indianapolis County,HI,96801,example.com,223-153-8612,Other,2005-01-03,2026-05-10,1,,email_520,,Own,example.com,food,investing,28.344579,-83.907387,2026-05-10,US,67,"11,81",1,import,kimberly,rivera,96801
521,brian.torres521@mail.com,Brian,Torres,4282 Main St,San Diego,San Diego County,MS,39045,web.net,815-874-9055,Other,1956-07-28,2020-04-02,1,,email_521,Other,Rent,web.net,food,football,27.048809,-121.576789,2020-04-02,US,27,"29,55",,import,brian,torres,39045
522,mary.clark522@example.com,Mary,Clark,5961 Main St,San Antonio,San Antonio County,DE,19023,company.co,315-337-7774,Other,1995-01-15,2023-03-10,1,,email_522,,Rent,company.co,health,mobile,34.942472,-93.506954,2023-03-10,US,98,"23,66",0,api,mary,clark,19023
523,andrew.lopez523@web.net,Andrew,Lopez,7055 Main St,San Jose,San Jose County,TX,78632,company.co,529-250-7448,Other,2004-12-24,2022-09-08,1,,email_523,Other,,company.co,travel,rock,34.251308,-110.672818,2022-09-08,US,79,"34,54",1,web,andrew,lopez,78632
524,anthony.moore524@business.io,Anthony,Moore,7246 Main St,Phoenix,Phoenix County,SD,57647,company.co,324-229-2501,M,1950-09-20,2024-10-28,1,,email_524,Asian,Rent,company.co,health,domestic,32.374813,-70.816132,2024-10-28,US,6,"45,62",1,manual,anthony,moore,57647
525,michael.mitchell525@business.io,Michael,Mitchell,9180 Main St,Seattle,Seattle County,WV,24058,test.org,961-607-1551,M,1991-10-03,2023-09-14,1,,email_525,Other,Rent,test.org,finance,organic,39.090720,-71.704684,2023-09-14,US,100,"4,99",,web,michael,mitchell,24058
526,michael.thompson526@mail.com,Michael,Thompson,5955 Main St,Denver,Denver County,TX,78798,company.co,761-574-7286,M,2001-10-18,2020-02-20,1,,email_526,Other,Rent,company.co,travel,rock,38.957282,-109.637209,2020-02-20,US,78,"10,64",1,manual,michael,thompson,78798
527,barbara.lopez527@web.net,Barbara,Lopez,7844 Main St,Charlotte,Charlotte County,AK,99600,web.net,307-339-2917,Other,1960-07-17,2020-04-06,1,,email_527,Black,Rent,web.net,music,fitness,42.302854,-81.748372,2020-04-06,US,73,"13,60",,import,barbara,lopez,99600
528,donna.campbell528@company.co,Donna,Campbell,3960 Main St,Indianapolis,Indianapolis County,NJ,08049,business.io,314-862-6551,M,1973-10-02,2022-09-20,1,,email_528,Other,Rent,business.io,travel,casual,26.482156,-83.603307,2022-09-20,US,59,"46,60",,web,donna,campbell,08049
529,deborah.gonzalez529@company.co,Deborah,Gonzalez,5988 Main St,Washington,Washington County,NV,89566,business.io,993-834-4734,M,1952-10-27,2023-03-04,1,,email_529,Hispanic,Rent,business.io,health,casual,34.339818,-95.931729,2023-03-04,US,60,"12,83",0,api,deborah,gonzalez,89566
530,margaret.mitchell530@business.io,Margaret,Mitchell,3526 Main St,San Francisco,San Francisco County,PA,18908,company.co,634-813-6612,Other,1965-04-21,2026-04-13,1,,email_530,,,company.co,food,rock,39.138643,-113.400209,2026-04-13,US,84,"43,85",1,import,margaret,mitchell,18908
531,george.nelson531@company.co,George,Nelson,7019 Main St,Seattle,Seattle County,NV,88113,mail.com,546-187-1695,Other,1963-09-13,2023-02-23,1,,email_531,Hispanic,,mail.com,fashion,organic,35.572322,-115.685314,2023-02-23,US,30,"25,85",0,api,george,nelson,88113
532,kimberly.clark532@test.org,Kimberly,Clark,1929 Main St,Jacksonville,Jacksonville County,PA,15181,company.co,378-834-5982,F,1984-05-09,2020-06-21,1,,email_532,Other,,company.co,finance,investing,37.093431,-103.200725,2020-06-21,US,52,"34,75",1,api,kimberly,clark,15181
533,anthony.rivera533@business.io,Anthony,Rivera,8740 Main St,Indianapolis,Indianapolis County,ID,84557,test.org,228-222-8456,M,1957-05-27,2021-09-11,1,,email_533,Other,Rent,test.org,sports,domestic,46.375282,-115.134710,2021-09-11,US,17,"5,99",0,import,anthony,rivera,84557
534,dorothy.lopez534@mail.com,Dorothy,Lopez,8115 Main St,Austin,Austin County,MN,55704,example.com,393-233-1028,M,2001-03-07,2026-05-28,1,,email_534,Hispanic,Rent,example.com,sports,investing,25.441923,-79.839549,2026-05-28,US,37,"34,99",0,web,dorothy,lopez,55704
535,michael.nelson535@web.net,Michael,Nelson,1043 Main St,Columbus,Columbus County,MI,48167,company.co,261-514-5409,F,1955-07-08,2024-08-12,1,,email_535,Black,Own,company.co,music,football,25.274531,-95.870442,2024-08-12,US,40,"45,76",1,import,michael,nelson,48167
536,dorothy.thompson536@mail.com,Dorothy,Thompson,3469 Main St,Phoenix,Phoenix County,WV,24991,web.net,652-862-5703,Other,1959-04-10,2023-10-09,1,,email_536,Hispanic,Own,web.net,music,football,27.831029,-78.820645,2023-10-09,US,55,"39,60",,import,dorothy,thompson,24991
537,matthew.campbell537@web.net,Matthew,Campbell,7656 Main St,Dallas,Dallas County,OR,97709,example.com,330-410-8732,Other,2002-07-22,2024-12-15,1,,email_537,,Rent,example.com,music,football,45.411097,-123.724936,2024-12-15,US,85,"31,57",0,web,matthew,campbell,97709
538,paul.lewis538@business.io,Paul,Lewis,4436 Main St,San Francisco,San Francisco County,NC,28574,mail.com,642-799-2074,F,1951-06-21,2021-07-10,1,,email_538,White,Own,mail.com,music,organic,46.892339,-123.285836,2021-07-10,US,63,"25,70",,import,paul,lewis,28574
539,deborah.martinez539@business.io,Deborah,Martinez,4008 Main St,Columbus,Columbus County,NC,27623,test.org,836-381-8937,Other,1957-02-19,2025-08-23,1,,email_539,White,Rent,test.org,sports,casual,30.448196,-106.782465,2025-08-23,US,4,"43,57",1,manual,deborah,martinez,27623
540,joshua.moore540@test.org,Joshua,Moore,658 Main St,Philadelphia,Philadelphia County,IN,47805,example.com,693-911-3411,Other,1999-01-24,2020-07-16,1,,email_540,Hispanic,,example.com,food,mobile,42.082997,-96.543829,2020-07-16,US,92,"42,66",,manual,joshua,moore,47805
541,margaret.white541@company.co,Margaret,White,3509 Main St,Charlotte,Charlotte County,WI,54773,test.org,451-218-9739,M,1978-11-18,2024-03-27,1,,email_541,Other,,test.org,food,mobile,42.538390,-106.474603,2024-03-27,US,48,"15,87",1,web,margaret,white,54773
542,dorothy.hall542@test.org,Dorothy,Hall,6841 Main St,Denver,Denver County,MO,63148,web.net,958-314-2294,F,1996-06-26,2024-02-11,1,,email_542,Black,,web.net,sports,investing,42.671670,-113.559298,2024-02-11,US,4,"20,73",1,web,dorothy,hall,63148
543,kenneth.lopez543@business.io,Kenneth,Lopez,8876 Main St,San Francisco,San Francisco County,HI,96217,example.com,981-347-6299,Other,1972-08-07,2023-06-02,1,,email_543,White,Rent,example.com,technology,football,33.473476,-92.858214,2023-06-02,US,73,"46,92",0,api,kenneth,lopez,96217
544,matthew.thomas544@business.io,Matthew,Thomas,3725 Main St,Fort Worth,Fort Worth County,TX,75748,mail.com,215-461-7402,F,1961-06-12,2024-09-06,1,,email_544,Black,,mail.com,finance,casual,46.374694,-107.119605,2024-09-06,US,25,"16,64",0,api,matthew,thomas,75748
545,christopher.lopez545@business.io,Christopher,Lopez,3027 Main St,San Francisco,San Francisco County,MS,38088,business.io,765-596-5236,M,1994-11-19,2021-11-07,1,,email_545,,,business.io,sports,casual,35.515434,-104.155895,2021-11-07,US,39,"14,72",1,manual,christopher,lopez,38088
546,william.gonzalez546@web.net,William,Gonzalez,7591 Main St,Austin,Austin County,NE,68253,business.io,862-878-1995,M,1998-08-16,2022-11-20,1,,email_546,Asian,Own,business.io,sports,casual,43.372827,-123.368783,2022-11-20,US,64,"14,99",,import,william,gonzalez,68253
547,brian.carter547@example.com,Brian,Carter,410 Main St,Chicago,Chicago County,VA,22506,business.io,595-528-1866,M,1966-10-07,2026-01-14,1,,email_547,Hispanic,Own,business.io,music,mobile,29.094941,-96.902540,2026-01-14,US,2,"49,94",0,manual,brian,carter,22506
548,emily.moore548@business.io,Emily,Moore,2879 Main St,Fort Worth,Fort Worth County,NJ,07346,business.io,759-611-2992,F,1963-08-24,2026-01-06,1,,email_548,White,Own,business.io,finance,casual,42.695170,-85.940636,2026-01-06,US,54,"49,95",,import,emily,moore,07346
549,james.mitchell549@test.org,James,Mitchell,5304 Main St,Dallas,Dallas County,SC,29090,web.net,325-393-7696,M,1971-10-23,2026-12-19,1,,email_549,,,web.net,travel,investing,41.122456,-81.755270,2026-12-19,US,10,"38,89",1,web,james,mitchell,29090
550,jessica.sanchez550@company.co,Jessica,Sanchez,5065 Main St,San Francisco,San Francisco County,MA,02141,example.com,805-424-7254,F,1973-10-14,2024-12-15,1,,email_550,Other,,example.com,fashion,mobile,30.475317,-108.379118,2024-12-15,US,16,"46,63",,api,jessica,sanchez,02141
551,barbara.williams551@web.net,Barbara,Williams,1645 Main St,Seattle,Seattle County,IA,50573,example.com,292-118-7553,Other,1951-08-12,2024-11-07,1,,email_551,Asian,Own,example.com,technology,football,28.250465,-121.323459,2024-11-07,US,29,"19,52",0,manual,barbara,williams,50573
552,robert.rivera552@business.io,Robert,Rivera,7224 Main St,Philadelphia,Philadelphia County,MN,55835,web.net,223-289-2121,M,1953-09-23,2025-10-10,1,,email_552,Asian,,web.net,music,football,39.669561,-80.550475,2025-10-10,US,81,"9,56",,import,robert,rivera,55835
553,amanda.garcia553@example.com,Amanda,Garcia,9750 Main St,Charlotte,Charlotte County,GA,31528,business.io,992-648-2151,F,1974-02-26,2025-06-06,1,,email_553,Asian,,business.io,fashion,fitness,43.007148,-121.827203,2025-06-06,US,91,"15,63",,api,amanda,garcia,31528
554,timothy.wilson554@mail.com,Timothy,Wilson,7846 Main St,San Antonio,San Antonio County,LA,70537,web.net,757-885-3850,M,2001-08-11,2026-10-11,1,,email_554,Hispanic,,web.net,fashion,football,26.429873,-107.454488,2026-10-11,US,48,"10,87",,manual,timothy,wilson,70537
555,jessica.mitchell555@web.net,Jessica,Mitchell,4328 Main St,San Jose,San Jose County,VA,24874,mail.com,617-690-7252,Other,1962-03-24,2020-10-05,1,,email_555,Hispanic,,mail.com,sports,organic,25.620197,-117.653423,2020-10-05,US,72,"4,69",,manual,jessica,mitchell,24874
556,sarah.moore556@web.net,Sarah,Moore,1752 Main St,Columbus,Columbus County,PA,19727,test.org,214-475-9922,M,1964-10-28,2023-06-21,1,,email_556,Other,Own,test.org,music,casual,28.059846,-119.192615,2023-06-21,US,10,"9,70",1,web,sarah,moore,19727
557,anthony.torres557@test.org,Anthony,Torres,4488 Main St,Jacksonville,Jacksonville County,NJ,08044,mail.com,468-176-6548,Other,1990-05-26,2023-04-01,1,,email_557,Black,,mail.com,food,football,35.950350,-99.871660,2023-04-01,US,92,"38,79",0,api,anthony,torres,08044
558,karen.baker558@test.org,Karen,Baker,7613 Main St,Philadelphia,Philadelphia County,MN,56949,mail.com,565-843-9683,M,1955-02-18,2025-04-06,1,,email_558,Asian,Rent,mail.com,travel,domestic,29.402666,-109.299608,2025-04-06,US,83,"37,65",,web,karen,baker,56949
559,jessica.garcia559@business.io,Jessica,Garcia,2007 Main St,Indianapolis,Indianapolis County,MS,38463,mail.com,698-743-1000,Other,1958-07-23,2025-09-13,1,,email_559,Hispanic,,mail.com,food,football,30.104716,-100.066213,2025-09-13,US,34,"14,76",1,manual,jessica,garcia,38463
560,paul.hernandez560@test.org,Paul,Hernandez,3524 Main St,Denver,Denver County,PA,15511,business.io,514-120-6764,Other,1989-04-03,2022-03-01,1,,email_560,Black,Rent,business.io,health,investing,27.351310,-117.707482,2022-03-01,US,86,"22,55",,api,paul,hernandez,15511
561,james.harris561@company.co,James,Harris,192 Main St,New York,New York County,OR,97879,business.io,920-783-2655,Other,1978-10-11,2022-10-13,1,,email_561,Asian,Rent,business.io,technology,fitness,35.834832,-118.171067,2022-10-13,US,97,"22,94",0,api,james,harris,97879
562,nancy.sanchez562@mail.com,Nancy,Sanchez,8566 Main St,Phoenix,Phoenix County,WY,82244,web.net,712-915-5711,F,1974-09-13,2022-06-15,1,,email_562,White,Rent,web.net,technology,rock,27.824696,-115.949822,2022-06-15,US,68,"26,99",1,manual,nancy,sanchez,82244
563,george.scott563@web.net,George,Scott,4053 Main St,San Antonio,San Antonio County,NC,28053,example.com,322-751-9905,F,1984-09-23,2020-07-03,1,,email_563,Other,Rent,example.com,finance,football,45.271112,-114.516402,2020-07-03,US,33,"10,51",0,api,george,scott,28053
564,mary.baker564@mail.com,Mary,Baker,3238 Main St,Fort Worth,Fort Worth County,MI,49689,example.com,240-214-6481,F,1983-09-17,2023-11-24,1,,email_564,White,Rent,example.com,finance,mobile,42.061870,-83.182499,2023-11-24,US,12,"26,85",1,import,mary,baker,49689
565,,Joshua,Jones,9997 Main St,Jacksonville,Jacksonville County,WA,98956,test.org,659-577-4513,Other,1974-10-11,2021-04-17,0,,email_565,Other,,test.org,food,domestic,40.673107,-111.187918,2021-04-17,US,54,"17,71",,manual,joshua,jones,98956
566,,Joseph,Williams,9370 Main St,Washington,Washington County,TX,77091,example.com,321-892-1352,M,1977-12-11,2020-06-23,0,,email_566,Black,,example.com,technology,fitness,25.013334,-114.529939,2020-06-23,US,81,"21,63",1,manual,joseph,williams,77091
567,,Christopher,Flores,7261 Main St,Chicago,Chicago County,LA,71485,example.com,346-890-4728,F,1988-09-11,2021-03-17,1,,email_567,Other,Own,example.com,sports,investing,31.174961,-70.640365,2021-03-17,US,25,"33,85",,manual,christopher,flores,71485
568,,Kimberly,Johnson,5325 Main St,San Jose,San Jose County,AL,35040,web.net,909-384-2341,Other,1953-04-11,2020-06-26,1,,email_568,Black,Rent,web.net,technology,casual,40.604631,-75.302629,2020-06-26,US,28,"39,65",0,api,kimberly,johnson,35040
569,,Mary,Johnson,6163 Main St,Dallas,Dallas County,MD,22986,company.co,847-158-7025,F,1957-05-27,2022-02-10,1,,email_569,Asian,Own,company.co,sports,football,42.672045,-94.724888,2022-02-10,US,25,"2,93",0,api,mary,johnson,22986
570,,Emily,Sanchez,513 Main St,Washington,Washington County,MS,38620,example.com,210-113-2448,Other,2005-08-21,2026-05-23,1,,email_570,White,Own,example.com,music,domestic,26.004163,-96.026979,2026-05-23,US,17,"16,83",0,import,emily,sanchez,38620
571,,Patricia,Green,5398 Main St,Denver,Denver County,IL,60829,example.com,672-407-9785,F,1996-07-19,2023-09-01,0,,email_571,White,Rent,example.com,music,investing,44.694849,-78.581540,2023-09-01,US,76,"22,97",,manual,patricia,green,60829
572,,Christopher,Perez,331 Main St,Jacksonville,Jacksonville County,SC,29191,web.net,253-264-7966,M,1991-09-09,2021-04-11,0,,email_572,Black,Own,web.net,finance,casual,44.632844,-120.631302,2021-04-11,US,36,"36,87",0,import,christopher,perez,29191
573,no-at-sign,Emily,Nelson,7646 Main St,Denver,Denver County,GA,30520,web.net,943-583-6918,Other,1956-11-24,2022-03-02,0,,email_573,Black,,web.net,technology,organic,38.199449,-100.531733,2022-03-02,US,73,"18,75",,api,emily,nelson,30520
574,not-an-email,Michelle,Taylor,8988 Main St,Houston,Houston County,DC,20687,example.com,851-270-5234,F,1971-09-16,2021-02-07,1,,email_574,,Rent,example.com,sports,football,26.477067,-99.960374,2021-02-07,US,23,"42,94",0,api,michelle,taylor,20687
575,not-an-email,Brian,Campbell,9317 Main St,Jacksonville,Jacksonville County,DE,19704,mail.com,974-735-9735,F,1984-03-26,2025-03-03,1,,email_575,Asian,Rent,mail.com,technology,rock,31.259394,-105.826535,2025-03-03,US,100,"20,86",0,import,brian,campbell,19704
576,no-at-sign,Emily,Ramirez,2737 Main St,Washington,Washington County,RI,03288,business.io,347-538-1914,F,1989-12-10,2024-10-13,1,,email_576,Hispanic,Own,business.io,food,football,44.151447,-104.452551,2024-10-13,US,57,"42,98",0,manual,emily,ramirez,03288
577,spaces in@email.com,Donald,Garcia,1440 Main St,San Antonio,San Antonio County,MA,01335,business.io,398-766-1946,M,1962-08-24,2024-05-09,1,,email_577,Black,,business.io,sports,domestic,30.569254,-93.101604,2024-05-09,US,70,"13,65",0,api,donald,garcia,01335
578,not-an-email,Steven,Lee,5745 Main St,San Diego,San Diego County,CT,06909,company.co,801-886-4148,F,1962-05-09,2026-09-02,0,,email_578,White,Own,company.co,travel,casual,44.793877,-118.743262,2026-09-02,US,13,"17,96",1,api,steven,lee,06909
579,spaces in@email.com,Nancy,Robinson,7070 Main St,Indianapolis,Indianapolis County,MN,55824,test.org,215-861-3056,F,1972-04-18,2020-03-06,1,,email_579,Hispanic,Rent,test.org,music,rock,27.672017,-88.490184,2020-03-06,US,59,"13,73",1,web,nancy,robinson,55824
580,xxx.miller@mail.com,xxx,Miller,3594 Main St,Phoenix,Phoenix County,OH,43248,example.com,304-912-8127,F,1999-08-16,2021-05-27,0,,email_580,,,example.com,fashion,mobile,45.755907,-103.775406,2021-05-27,US,95,"27,60",1,import,xxx,miller,43248
581,xxx.green@test.org,xxx,Green,4322 Main St,Jacksonville,Jacksonville County,ME,03984,business.io,678-736-1974,F,1970-08-27,2020-09-18,0,,email_581,Black,,business.io,music,fitness,33.039614,-84.541234,2020-09-18,US,75,"4,72",,web,xxx,green,03984
582,admin.adams@company.co,admin,Adams,4091 Main St,Seattle,Seattle County,TN,38595,company.co,840-543-4367,Other,1983-03-07,2021-05-04,0,,email_582,Asian,Rent,company.co,technology,investing,45.509995,-123.659421,2021-05-04,US,19,"17,76",,api,admin,adams,38595
583,xxx.taylor@business.io,xxx,Taylor,9861 Main St,Philadelphia,Philadelphia County,MO,63450,company.co,688-204-4358,M,1977-04-09,2020-02-03,0,,email_583,Other,,company.co,health,rock,29.093353,-100.620153,2020-02-03,US,21,"23,99",1,web,xxx,taylor,63450
584,null.white@test.org,null,White,4564 Main St,Austin,Austin County,MI,48305,mail.com,614-123-6358,F,1980-09-19,2022-02-18,0,,email_584,White,Own,mail.com,health,mobile,43.349149,-119.228492,2022-02-18,US,20,"2,94",0,manual,null,white,48305
585,michael.zzz@test.org,Michael,zzz,6179 Main St,Columbus,Columbus County,NE,68486,test.org,640-470-3962,F,1954-02-13,2023-09-19,0,,email_585,Hispanic,Own,test.org,music,investing,29.749886,-108.147462,2023-09-19,US,80,"31,67",,api,michael,zzz,68486
586,deborah.xyz@mail.com,Deborah,xyz,358 Main St,San Antonio,San Antonio County,VT,05892,company.co,437-741-7630,Other,1982-01-27,2026-03-25,0,,email_586,,Rent,company.co,fashion,domestic,34.380240,-106.413197,2026-03-25,US,91,"21,54",1,web,deborah,xyz,05892
587,brian.zzz@business.io,Brian,zzz,5480 Main St,San Antonio,San Antonio County,AK,99872,business.io,237-885-5826,Other,1984-11-18,2026-02-05,0,,email_587,,,business.io,health,football,42.061485,-118.492776,2026-02-05,US,1,"5,99",1,web,brian,zzz,99872
588,ashley.test@mail.com,Ashley,test,5010 Main St,Columbus,Columbus County,TX,75084,web.net,640-926-6364,Other,1996-12-22,2026-08-25,0,,email_588,White,Own,web.net,music,fitness,30.601124,-108.287454,2026-08-25,US,10,"5,100",1,manual,ashley,test,75084
589,david.qwerty@web.net,David,qwerty,4752 Main St,Philadelphia,Philadelphia County,NM,87897,mail.com,430-182-5320,M,1973-07-04,2024-04-10,0,,email_589,Hispanic,Rent,mail.com,health,casual,40.298097,-79.494066,2024-04-10,US,99,"18,79",0,web,david,qwerty,87897
590,margaret.jackson@example.com,Margaret,Jackson,2668 Main St,Chicago,Chicago County,WV,23166,web.net,885-464-1550,Other,1964-09-01,2026-10-10,1,,email_590,Other,Own,web.net,travel,investing,29.007832,-114.196538,2026-10-10,US,97,"30,80",,web,margaret,jackson,23166
591,michelle.perez@test.org,Michelle,Perez,7084 Main St,Dallas,Dallas County,WV,83467,test.org,452-124-4373,M,1963-01-10,2020-11-02,0,,email_591,Black,Rent,test.org,music,casual,33.963024,-84.389732,2020-11-02,US,21,"19,72",1,manual,michelle,perez,83467
592,ashley.adams@web.net,Ashley,Adams,8939 Main St,San Diego,San Diego County,FL,68059,web.net,391-149-5578,F,2000-03-18,2026-12-11,1,,email_592,,Rent,web.net,health,domestic,42.338299,-78.973021,2026-12-11,US,6,"37,77",0,api,ashley,adams,68059
593,ashley.adams@test.org,Ashley,Adams,2852 Main St,Chicago,Chicago County,AR,66098,company.co,860-735-7137,Other,1958-02-25,2026-01-28,1,,email_593,Black,Rent,company.co,music,fitness,28.728544,-117.486341,2026-01-28,US,65,"7,97",0,web,ashley,adams,66098
594,barbara.jones@mail.com,Barbara,Jones,5314 Main St,Phoenix,Phoenix County,WY,87094,web.net,263-856-4949,Other,1980-06-06,2021-04-09,1,,email_594,Hispanic,,web.net,finance,football,42.752273,-95.136069,2021-04-09,US,73,"10,99",,import,barbara,jones,87094
595,donna.donna@business.io,Donna,Donna,8454 Main St,Fort Worth,Fort Worth County,VT,05580,web.net,452-427-3635,M,1997-07-03,2026-11-16,0,,email_595,White,Own,web.net,technology,mobile,40.368026,-99.503843,2026-11-16,US,51,"16,89",1,import,donna,donna,05580
596,linda.linda@example.com,Linda,Linda,4048 Main St,San Antonio,San Antonio County,MS,39261,test.org,464-642-1955,M,1987-03-19,2024-09-08,0,,email_596,Other,Rent,test.org,finance,mobile,31.697038,-83.677370,2024-09-08,US,73,"48,73",,import,linda,linda,39261
597,patricia.patricia@web.net,Patricia,Patricia,6937 Main St,Washington,Washington County,MO,63399,company.co,418-313-8443,M,1966-02-21,2023-01-02,1,,email_597,Other,Own,company.co,health,domestic,39.331590,-90.364403,2023-01-02,US,83,"12,94",0,api,patricia,patricia,63399
598,rivera@test.org,,Rivera,3579 Main St,Los Angeles,Los Angeles County,PA,19333,mail.com,451-575-1397,Other,1952-08-05,2023-08-06,0,,email_598,Asian,,mail.com,fashion,football,42.937620,-92.109761,2023-08-06,US,51,"13,98",,import,,rivera,19333
599,nguyen@business.io,,Nguyen,6308 Main St,Denver,Denver County,OH,44779,mail.com,978-236-9760,F,1984-05-04,2023-05-24,1,,email_599,Black,,mail.com,technology,domestic,41.490245,-100.739025,2023-05-24,US,43,"48,77",0,api,,nguyen,44779
600,lisa.wilson600@business.io,Lisa,Wilson,2531 Main St,San Jose,San Jose County,WY,83712,web.net,557-816-3891,F,1990-08-23,2025-02-24,1,,email_600,Hispanic,Rent,web.net,food,organic,46.644596,-122.820592,2025-02-24,US,48,"24,93",,web,lisa,wilson,83712
601,christopher.miller601@company.co,Christopher,Miller,4960 Main St,Philadelphia,Philadelphia County,WV,25570,web.net,943-482-1855,F,2002-12-26,2020-03-03,1,,email_601,Black,,web.net,sports,football,26.439966,-116.020157,2020-03-03,US,65,"29,88",,api,christopher,miller,25570
602,daniel.martin602@example.com,Daniel,Martin,1530 Main St,Dallas,Dallas County,IL,62524,company.co,915-770-4361,F,1980-09-13,2023-03-14,1,,email_602,Asian,,company.co,finance,rock,40.076415,-108.265628,2023-03-14,US,29,"17,88",0,api,daniel,martin,62524
603,jessica.robinson603@example.com,Jessica,Robinson,9517 Main St,San Jose,San Jose County,OR,97842,web.net,587-710-4723,Other,1973-04-28,2024-04-04,1,,email_603,Black,,web.net,technology,organic,37.719235,-122.895446,2024-04-04,US,12,"8,55",1,import,jessica,robinson,97842
604,margaret.king604@mail.com,Margaret,King,7343 Main St,Charlotte,Charlotte County,NY,11462,mail.com,812-978-5150,Other,1997-09-24,2020-12-09,1,,email_604,Hispanic,Own,mail.com,food,football,44.418166,-101.898190,2020-12-09,US,89,"9,75",0,web,margaret,king,11462
605,thomas.carter605@mail.com,Thomas,Carter,1506 Main St,Philadelphia,Philadelphia County,NM,87593,web.net,757-432-2603,M,1967-01-28,2025-06-16,1,,email_605,White,,web.net,health,domestic,34.536082,-121.171305,2025-06-16,US,35,"18,98",0,web,thomas,carter,87593
606,joseph.nguyen606@mail.com,Joseph,Nguyen,7972 Main St,Phoenix,Phoenix County,IL,60194,web.net,214-647-8886,F,1965-04-20,2025-04-10,1,,email_606,Black,Own,web.net,travel,rock,43.849031,-92.293130,2025-04-10,US,59,"40,88",1,api,joseph,nguyen,60194
607,joseph.scott607@company.co,Joseph,Scott,4667 Main St,Charlotte,Charlotte County,OR,97436,web.net,919-415-6275,M,1963-08-18,2022-03-22,1,,email_607,Black,Own,web.net,travel,organic,27.883024,-98.114917,2022-03-22,US,22,"25,84",1,manual,joseph,scott,97436
608,emily.thompson608@mail.com,Emily,Thompson,6912 Main St,Columbus,Columbus County,WA,98441,test.org,776-521-4245,M,1980-06-12,2026-10-03,1,,email_608,,,test.org,health,mobile,31.391544,-113.447151,2026-10-03,US,29,"40,52",1,web,emily,thompson,98441
609,kevin.martin609@example.com,Kevin,Martin,8650 Main St,Jacksonville,Jacksonville County,ID,84715,web.net,276-177-4884,Other,1961-07-18,2020-05-01,1,,email_609,White,,web.net,travel,organic,28.531590,-116.987164,2020-05-01,US,8,"47,95",0,web,kevin,martin,84715
610,dorothy.thomas610@example.com,Dorothy,Thomas,7674 Main St,Denver,Denver County,PA,16096,business.io,717-692-9753,M,1979-05-14,2023-01-24,1,,email_610,Asian,,business.io,fashion,domestic,34.851738,-109.959064,2023-01-24,US,11,"27,76",0,api,dorothy,thomas,16096
611,michelle.wright611@business.io,Michelle,Wright,8514 Main St,Philadelphia,Philadelphia County,CA,94961,example.com,889-112-3035,Other,1959-11-22,2020-10-28,1,,email_611,Hispanic,,example.com,music,fitness,43.323285,-83.102017,2020-10-28,US,53,"36,80",0,api,michelle,wright,94961
612,richard.lopez612@test.org,Richard,Lopez,3067 Main St,New York,New York County,WV,25595,example.com,323-644-7072,Other,2000-04-20,2022-10-27,1,,email_612,Hispanic,Own,example.com,food,investing,40.990579,-124.143953,2022-10-27,US,63,"2,67",,manual,richard,lopez,25595
613,carol.carter613@mail.com,Carol,Carter,8047 Main St,Phoenix,Phoenix County,MO,64697,company.co,768-485-2183,Other,1993-01-22,2024-09-04,1,,email_613,,Own,company.co,finance,fitness,37.250952,-112.094942,2024-09-04,US,5,"44,60",0,api,carol,carter,64697
614,charles.miller614@company.co,Charles,Miller,1530 Main St,Seattle,Seattle County,VA,23206,web.net,483-843-8105,F,1993-07-03,2020-11-25,1,,email_614,Other,Rent,web.net,fashion,casual,34.764635,-97.916051,2020-11-25,US,47,"2,69",1,api,charles,miller,23206
615,margaret.thomas615@business.io,Margaret,Thomas,5339 Main St,Jacksonville,Jacksonville County,MT,59234,business.io,459-505-5253,M,1954-06-23,2026-11-12,1,,email_615,Black,,business.io,finance,fitness,43.494594,-70.214573,2026-11-12,US,90,"1,65",,web,margaret,thomas,59234
616,sandra.martin616@web.net,Sandra,Martin,484 Main St,Columbus,Columbus County,WY,83999,web.net,901-325-4157,F,1990-10-24,2026-10-23,1,,email_616,Black,Rent,web.net,technology,organic,42.372728,-85.200818,2026-10-23,US,18,"39,100",0,import,sandra,martin,83999
617,nancy.moore617@business.io,Nancy,Moore,7489 Main St,Jacksonville,Jacksonville County,SD,57077,business.io,493-397-9372,F,1956-06-27,2026-09-03,1,,email_617,Other,,business.io,music,football,36.342816,-110.785166,2026-09-03,US,47,"22,95",0,manual,nancy,moore,57077
618,james.taylor618@mail.com,James,Taylor,5048 Main St,Chicago,Chicago County,IL,60330,web.net,679-399-1325,M,1966-03-16,2024-05-04,1,,email_618,Asian,Own,web.net,travel,football,40.121973,-94.690209,2024-05-04,US,23,"47,59",,import,james,taylor,60330
619,michael.wright619@company.co,Michael,Wright,1801 Main St,Denver,Denver County,NJ,07903,mail.com,372-692-1729,F,1987-04-12,2025-12-13,1,,email_619,,,mail.com,travel,mobile,43.742041,-71.227502,2025-12-13,US,13,"27,88",1,web,michael,wright,07903
620,karen.lopez620@test.org,Karen,Lopez,1377 Main St,Denver,Denver County,AK,99715,test.org,674-989-9541,M,1986-10-26,2024-11-18,1,,email_620,Black,,test.org,finance,football,30.671516,-78.036898,2024-11-18,US,42,"10,83",,api,karen,lopez,99715
621,lisa.baker621@test.org,Lisa,Baker,7012 Main St,San Diego,San Diego County,OK,73057,example.com,425-537-8116,Other,1982-11-08,2020-09-12,1,,email_621,Other,Rent,example.com,fashion,organic,39.087475,-86.492355,2020-09-12,US,18,"19,54",0,manual,lisa,baker,73057
622,daniel.rivera622@web.net,Daniel,Rivera,7462 Main St,New York,New York County,IA,50265,test.org,758-297-2341,M,1997-10-09,2023-08-24,1,,email_622,,Rent,test.org,food,domestic,38.843006,-78.376736,2023-08-24,US,82,"21,84",0,manual,daniel,rivera,50265
623,james.jones623@business.io,James,Jones,6874 Main St,Indianapolis,Indianapolis County,LA,70631,test.org,250-948-3970,F,1954-10-21,2023-07-20,1,,email_623,Other,,test.org,music,domestic,42.825983,-72.863439,2023-07-20,US,5,"34,73",,api,james,jones,70631
624,betty.thomas624@test.org,Betty,Thomas,2247 Main St,Chicago,Chicago County,IL,61348,example.com,469-989-7278,M,1970-01-22,2020-12-09,1,,email_624,Asian,Own,example.com,technology,football,41.296976,-97.693529,2020-12-09,US,95,"27,59",0,api,betty,thomas,61348
625,mary.jones625@business.io,Mary,Jones,7386 Main St,Chicago,Chicago County,NV,89970,business.io,686-134-6662,M,1986-12-18,2024-02-22,1,,email_625,,,business.io,health,mobile,38.708261,-112.896729,2024-02-22,US,23,"41,83",1,api,mary,jones,89970
626,deborah.baker626@company.co,Deborah,Baker,8615 Main St,Philadelphia,Philadelphia County,AK,99768,mail.com,380-624-8361,Other,1969-05-17,2024-07-18,1,,email_626,Asian,,mail.com,technology,football,32.265001,-89.213288,2024-07-18,US,54,"8,60",,manual,deborah,baker,99768
627,christopher.rivera627@business.io,Christopher,Rivera,7086 Main St,Jacksonville,Jacksonville County,MO,63882,company.co,433-905-4464,M,1999-11-03,2021-05-01,1,,email_627,Other,Own,company.co,food,organic,29.246850,-116.669731,2021-05-01,US,13,"34,70",0,import,christopher,rivera,63882
628,robert.wilson628@test.org,Robert,Wilson,4556 Main St,San Francisco,San Francisco County,MN,56931,example.com,340-263-3484,Other,1994-05-13,2023-03-18,1,,email_628,Hispanic,Rent,example.com,sports,rock,36.393458,-97.681792,2023-03-18,US,54,"33,61",,import,robert,wilson,56931
629,anthony.martinez629@test.org,Anthony,Martinez,8193 Main St,Los Angeles,Los Angeles County,NE,68116,business.io,943-719-7670,Other,1960-02-04,2022-03-13,1,,email_629,White,,business.io,sports,football,25.729258,-105.261284,2022-03-13,US,30,"48,84",,web,anthony,martinez,68116
630,mark.johnson630@business.io,Mark,Johnson,6873 Main St,San Jose,San Jose County,WV,26271,company.co,816-216-7635,Other,2001-06-12,2021-11-03,1,,email_630,Black,Rent,company.co,finance,football,28.855490,-99.667204,2021-11-03,US,40,"23,80",,manual,mark,johnson,26271
631,jennifer.thomas631@test.org,Jennifer,Thomas,9068 Main St,Phoenix,Phoenix County,TX,78237,web.net,773-157-1726,F,1976-12-11,2022-08-18,1,,email_631,Other,Rent,web.net,sports,mobile,41.968230,-101.231896,2022-08-18,US,19,"27,85",0,api,jennifer,thomas,78237
632,ashley.green632@business.io,Ashley,Green,1731 Main St,New York,New York County,GA,31575,example.com,914-499-1989,Other,1981-03-09,2021-05-03,1,,email_632,Other,Own,example.com,health,organic,25.937989,-86.315671,2021-05-03,US,45,"14,94",0,api,ashley,green,31575
633,george.rodriguez633@test.org,George,Rodriguez,4361 Main St,Seattle,Seattle County,VA,22116,business.io,643-178-1303,F,1989-10-03,2021-06-04,1,,email_633,White,Own,business.io,finance,fitness,47.714290,-116.101081,2021-06-04,US,28,"7,61",0,import,george,rodriguez,22116
634,lisa.walker634@test.org,Lisa,Walker,7438 Main St,San Diego,San Diego County,CO,81371,test.org,955-498-3419,M,2004-05-06,2022-06-23,1,,email_634,Hispanic,,test.org,food,rock,26.755695,-102.680963,2022-06-23,US,70,"19,87",1,api,lisa,walker,81371
635,sarah.sanchez635@web.net,Sarah,Sanchez,689 Main St,New York,New York County,UT,84386,test.org,494-924-2715,F,1996-12-08,2020-10-03,1,,email_635,Other,,test.org,finance,football,44.633770,-82.933943,2020-10-03,US,76,"3,85",1,import,sarah,sanchez,84386
636,barbara.hernandez636@mail.com,Barbara,Hernandez,6526 Main St,Philadelphia,Philadelphia County,CT,06790,example.com,208-944-8695,M,1979-05-22,2020-01-18,1,,email_636,White,Own,example.com,food,football,43.749202,-115.609216,2020-01-18,US,22,"9,100",0,web,barbara,hernandez,06790
637,karen.miller637@mail.com,Karen,Miller,1443 Main St,New York,New York County,NC,28625,test.org,217-384-3209,F,1976-12-04,2024-09-15,1,,email_637,Hispanic,,test.org,sports,fitness,30.738994,-102.706880,2024-09-15,US,16,"9,51",,manual,karen,miller,28625
638,mary.thompson638@company.co,Mary,Thompson,8723 Main St,New York,New York County,TX,77488,business.io,565-398-1396,Other,1960-01-13,2021-09-16,1,,email_638,Black,Own,business.io,travel,rock,35.220450,-104.212954,2021-09-16,US,12,"48,62",,import,mary,thompson,77488
639,anthony.moore639@company.co,Anthony,Moore,8988 Main St,Phoenix,Phoenix County,RI,02222,test.org,515-757-9630,F,1968-04-15,2020-07-14,1,,email_639,Asian,Own,test.org,food,football,42.268321,-92.311375,2020-07-14,US,13,"5,86",1,api,anthony,moore,02222
640,carol.campbell640@example.com,Carol,Campbell,1905 Main St,Denver,Denver County,PA,18299,business.io,604-794-7249,Other,1956-10-09,2022-01-23,1,,email_640,,Rent,business.io,food,organic,38.621303,-83.135785,2022-01-23,US,1,"2,87",,web,carol,campbell,18299
641,paul.white641@company.co,Paul,White,520 Main St,Seattle,Seattle County,NC,27032,example.com,689-745-3165,M,1952-10-12,2025-03-20,1,,email_641,Hispanic,Rent,example.com,technology,rock,28.231055,-111.585123,2025-03-20,US,63,"22,82",,import,paul,white,27032
642,william.jones642@web.net,William,Jones,5349 Main St,Denver,Denver County,MN,56217,example.com,479-736-9264,M,2001-02-03,2021-05-10,1,,email_642,Hispanic,Rent,example.com,fashion,football,31.675242,-101.133892,2021-05-10,US,79,"28,94",0,import,william,jones,56217
643,michelle.nguyen643@test.org,Michelle,Nguyen,2815 Main St,San Jose,San Jose County,MI,49293,example.com,822-239-3738,F,2004-02-27,2022-07-27,1,,email_643,Black,Own,example.com,travel,investing,44.109363,-97.656344,2022-07-27,US,78,"16,63",0,api,michelle,nguyen,49293
644,kenneth.nguyen644@web.net,Kenneth,Nguyen,615 Main St,Denver,Denver County,OH,43413,business.io,934-338-4228,F,1954-04-17,2024-12-03,1,,email_644,White,Own,business.io,fashion,casual,40.306082,-88.591682,2024-12-03,US,93,"1,78",,api,kenneth,nguyen,43413
645,sandra.brown645@business.io,Sandra,Brown,4671 Main St,San Diego,San Diego County,OR,97795,web.net,966-693-4803,F,1995-10-10,2025-02-18,1,,email_645,Hispanic,,web.net,sports,football,31.686309,-73.209394,2025-02-18,US,94,"41,72",,manual,sandra,brown,97795
646,robert.flores646@company.co,Robert,Flores,5990 Main St,Philadelphia,Philadelphia County,NY,13502,company.co,254-805-9931,F,1997-11-19,2024-02-01,1,,email_646,,Own,company.co,food,investing,28.589083,-123.914357,2024-02-01,US,27,"1,75",,api,robert,flores,13502
647,anthony.ramirez647@company.co,Anthony,Ramirez,4268 Main St,San Diego,San Diego County,AR,71232,mail.com,457-903-3948,F,1957-07-08,2026-03-21,1,,email_647,Other,Rent,mail.com,travel,rock,36.441377,-82.276913,2026-03-21,US,51,"47,92",0,manual,anthony,ramirez,71232
648,dorothy.jackson648@mail.com,Dorothy,Jackson,9325 Main St,Los Angeles,Los Angeles County,IL,60907,example.com,665-148-2534,Other,1976-02-01,2024-10-07,1,,email_648,,Own,example.com,technology,investing,39.085964,-98.061054,2024-10-07,US,82,"14,74",,api,dorothy,jackson,60907
649,paul.brown649@company.co,Paul,Brown,3623 Main St,Jacksonville,Jacksonville County,NE,68703,company.co,675-614-3977,M,1976-08-09,2023-05-16,1,,email_649,,,company.co,fashion,mobile,25.338900,-109.866454,2023-05-16,US,23,"5,89",,api,paul,brown,68703
650,anthony.robinson650@web.net,Anthony,Robinson,5416 Main St,San Diego,San Diego County,SD,57719,test.org,570-797-3661,M,1961-06-12,2026-06-16,1,,email_650,Black,Rent,test.org,finance,domestic,35.779752,-83.214778,2026-06-16,US,14,"8,64",0,web,anthony,robinson,57719
651,charles.lopez651@web.net,Charles,Lopez,4030 Main St,San Antonio,San Antonio County,ME,04312,web.net,517-871-9218,M,1955-10-07,2025-01-05,1,,email_651,White,,web.net,sports,investing,46.434115,-83.697914,2025-01-05,US,58,"50,85",1,import,charles,lopez,04312
652,james.king652@example.com,James,King,4895 Main St,Dallas,Dallas County,RI,03247,example.com,529-990-1620,Other,1989-09-18,2022-01-02,1,,email_652,Other,Rent,example.com,fashion,domestic,39.160024,-74.306999,2022-01-02,US,70,"50,93",,api,james,king,03247
653,timothy.garcia653@test.org,Timothy,Garcia,279 Main St,San Diego,San Diego County,OH,43749,company.co,508-758-9587,Other,1983-03-11,2023-04-14,1,,email_653,Hispanic,Own,company.co,fashion,football,42.153929,-117.505198,2023-04-14,US,60,"14,57",1,api,timothy,garcia,43749
654,joseph.scott654@business.io,Joseph,Scott,8957 Main St,New York,New York County,CT,06470,company.co,479-543-2703,Other,1952-02-09,2024-12-23,1,,email_654,Asian,,company.co,music,football,29.732474,-73.856404,2024-12-23,US,9,"1,99",0,manual,joseph,scott,06470
655,george.walker655@company.co,George,Walker,5276 Main St,Columbus,Columbus County,AK,99762,mail.com,631-655-3639,M,1973-09-09,2020-05-01,1,,email_655,White,Rent,mail.com,sports,domestic,42.069132,-71.054952,2020-05-01,US,90,"46,77",1,api,george,walker,99762
656,elizabeth.taylor656@mail.com,Elizabeth,Taylor,2436 Main St,Indianapolis,Indianapolis County,WA,99109,test.org,289-804-3200,M,1956-08-24,2022-10-28,1,,email_656,,Own,test.org,finance,casual,30.149676,-84.492803,2022-10-28,US,89,"7,100",1,manual,elizabeth,taylor,99109
657,sarah.young657@mail.com,Sarah,Young,1869 Main St,Indianapolis,Indianapolis County,MA,01224,company.co,662-114-4328,M,1991-12-27,2022-10-18,1,,email_657,Hispanic,Own,company.co,travel,casual,27.212616,-106.260796,2022-10-18,US,46,"9,94",0,web,sarah,young,01224
658,michelle.hernandez658@company.co,Michelle,Hernandez,9981 Main St,Houston,Houston County,IL,61729,mail.com,234-120-3986,Other,2000-03-16,2020-10-28,1,,email_658,Hispanic,Rent,mail.com,finance,rock,31.059059,-91.170190,2020-10-28,US,41,"26,57",0,api,michelle,hernandez,61729
659,deborah.white659@test.org,Deborah,White,7300 Main St,Philadelphia,Philadelphia County,WA,98986,mail.com,261-730-9022,F,1990-04-26,2020-04-21,1,,email_659,Black,Rent,mail.com,music,casual,33.860643,-118.345532,2020-04-21,US,2,"3,73",0,import,deborah,white,98986
660,lisa.torres660@mail.com,Lisa,Torres,4861 Main St,San Diego,San Diego County,UT,84027,business.io,668-332-8441,F,1961-05-18,2026-10-27,1,,email_660,Other,Rent,business.io,sports,football,43.406978,-77.372530,2026-10-27,US,35,"28,73",,manual,lisa,torres,84027
661,david.martin661@test.org,David,Martin,4398 Main St,Austin,Austin County,DE,19800,company.co,254-973-5697,Other,1981-08-27,2021-03-09,1,,email_661,Asian,Own,company.co,food,rock,40.232212,-104.357306,2021-03-09,US,25,"11,85",1,import,david,martin,19800
662,nancy.robinson662@mail.com,Nancy,Robinson,4959 Main St,Phoenix,Phoenix County,UT,84766,company.co,867-532-6603,M,1963-03-25,2022-01-24,1,,email_662,Asian,Own,company.co,travel,domestic,43.260450,-73.887612,2022-01-24,US,69,"24,83",,web,nancy,robinson,84766
663,emily.wright663@mail.com,Emily,Wright,6051 Main St,Denver,Denver County,OH,43737,test.org,771-388-1105,M,1965-02-02,2022-12-14,1,,email_663,Other,Rent,test.org,health,mobile,42.509556,-80.247060,2022-12-14,US,39,"41,65",1,manual,emily,wright,43737
664,jessica.allen664@example.com,Jessica,Allen,7487 Main St,San Diego,San Diego County,AZ,86966,business.io,545-684-5730,F,1972-03-25,2026-09-20,1,,email_664,White,Rent,business.io,food,fitness,30.775238,-74.548219,2026-09-20,US,61,"2,82",1,import,jessica,allen,86966
665,,James,Lee,5707 Main St,Phoenix,Phoenix County,ND,58198,mail.com,474-165-3871,F,1957-12-05,2025-10-22,0,,email_665,,Rent,mail.com,technology,fitness,26.764425,-110.151033,2025-10-22,US,25,"27,78",0,web,james,lee,58198
666,,Sandra,Rodriguez,7932 Main St,Austin,Austin County,DC,20751,mail.com,449-622-2329,Other,1969-10-03,2024-07-10,0,,email_666,Black,Own,mail.com,fashion,mobile,32.827393,-77.987863,2024-07-10,US,36,"19,72",0,import,sandra,rodriguez,20751
667,,Christopher,Ramirez,2185 Main St,Charlotte,Charlotte County,GA,31495,test.org,352-108-4973,M,1956-09-27,2023-05-08,1,,email_667,Asian,Own,test.org,fashion,organic,32.521162,-77.122944,2023-05-08,US,98,"1,64",,manual,christopher,ramirez,31495
668,,James,Taylor,8579 Main St,San Jose,San Jose County,TX,75686,company.co,552-218-2494,F,1956-03-05,2023-05-28,1,,email_668,White,,company.co,finance,fitness,38.232462,-115.203321,2023-05-28,US,30,"11,78",1,import,james,taylor,75686
669,,Karen,Carter,7287 Main St,Austin,Austin County,HI,97794,web.net,689-213-2906,M,1988-03-18,2024-11-24,1,,email_669,Hispanic,Own,web.net,travel,investing,45.522717,-108.434381,2024-11-24,US,6,"4,96",0,web,karen,carter,97794
670,,Kenneth,Garcia,7446 Main St,Indianapolis,Indianapolis County,NV,89916,example.com,241-548-5599,M,1963-03-27,2025-04-09,1,,email_670,Other,Own,example.com,music,casual,26.904315,-112.671674,2025-04-09,US,89,"13,60",1,api,kenneth,garcia,89916
671,,Donna,Adams,7799 Main St,San Diego,San Diego County,OH,44173,web.net,739-168-1755,Other,2000-03-02,2022-04-16,0,,email_671,Hispanic,,web.net,travel,fitness,42.275668,-119.136911,2022-04-16,US,15,"43,82",1,web,donna,adams,44173
672,,Elizabeth,Green,2070 Main St,Seattle,Seattle County,MS,39114,test.org,955-372-9492,Other,1978-05-04,2024-08-04,1,,email_672,Black,,test.org,technology,casual,35.176607,-109.080897,2024-08-04,US,2,"22,78",0,web,elizabeth,green,39114
673,@missing-local.com,Kimberly,Smith,7259 Main St,San Jose,San Jose County,ND,58611,example.com,707-957-5701,F,1969-04-04,2020-12-02,0,,email_673,Hispanic,Own,example.com,technology,mobile,28.568145,-85.573909,2020-12-02,US,11,"25,99",,import,kimberly,smith,58611
674,spaces in@email.com,Christopher,Brown,5906 Main St,Phoenix,Phoenix County,NV,89388,test.org,331-345-2333,F,1967-03-26,2021-06-10,0,,email_674,Black,,test.org,food,mobile,37.529561,-76.567925,2021-06-10,US,86,"14,67",,api,christopher,brown,89388
675,double@@at.com,Amanda,Garcia,6508 Main St,Charlotte,Charlotte County,NE,69088,web.net,891-812-5850,M,1966-03-27,2023-11-09,1,,email_675,White,Own,web.net,health,investing,41.568711,-98.127441,2023-11-09,US,4,"2,83",1,import,amanda,garcia,69088
676,double@@at.com,Kimberly,Campbell,2395 Main St,Jacksonville,Jacksonville County,SD,57805,test.org,649-115-6947,M,1972-11-11,2026-05-23,0,,email_676,Hispanic,Rent,test.org,finance,domestic,44.008825,-87.149770,2026-05-23,US,65,"24,77",0,manual,kimberly,campbell,57805
677,double@@at.com,Donna,Gonzalez,1054 Main St,Chicago,Chicago County,ID,84209,web.net,711-696-5227,Other,1959-05-06,2025-03-06,0,,email_677,Black,,web.net,travel,rock,27.830604,-112.183921,2025-03-06,US,59,"28,83",1,import,donna,gonzalez,84209
678,no-at-sign,Elizabeth,Rodriguez,465 Main St,Indianapolis,Indianapolis County,DE,19363,mail.com,636-857-8737,Other,1967-01-03,2025-07-10,0,,email_678,Asian,,mail.com,food,fitness,41.035722,-101.007492,2025-07-10,US,98,"47,95",1,api,elizabeth,rodriguez,19363
679,spaces in@email.com,Patricia,Flores,8718 Main St,San Diego,San Diego County,AZ,86168,test.org,829-907-7990,M,1996-05-25,2026-01-22,1,,email_679,Hispanic,,test.org,food,football,31.049129,-121.095026,2026-01-22,US,36,"48,72",1,manual,patricia,flores,86168
680,aaa.perez@web.net,aaa,Perez,1337 Main St,Philadelphia,Philadelphia County,AK,99598,business.io,387-603-8509,Other,1970-02-08,2021-06-04,1,,email_680,Black,Rent,business.io,sports,rock,40.440108,-93.822317,2021-06-04,US,95,"45,79",1,manual,aaa,perez,99598
681,aaa.gonzalez@example.com,aaa,Gonzalez,178 Main St,Philadelphia,Philadelphia County,MI,48812,example.com,685-530-4599,Other,1995-06-14,2023-11-07,0,,email_681,Hispanic,Own,example.com,music,investing,47.105829,-110.661363,2023-11-07,US,65,"25,86",0,web,aaa,gonzalez,48812
682,bbb.hill@web.net,bbb,Hill,5983 Main St,San Diego,San Diego County,AL,35213,business.io,241-681-9236,Other,1972-08-07,2024-04-22,1,,email_682,Other,Own,business.io,health,domestic,28.072908,-82.227142,2024-04-22,US,9,"22,66",1,import,bbb,hill,35213
683,aaa.king@web.net,aaa,King,1213 Main St,Washington,Washington County,WI,54454,business.io,361-495-4204,F,1981-09-02,2022-06-09,0,,email_683,Hispanic,Rent,business.io,music,investing,39.605963,-117.131991,2022-06-09,US,48,"13,76",0,manual,aaa,king,54454
684,fake.brown@test.org,fake,Brown,8493 Main St,Denver,Denver County,ME,03463,company.co,559-634-4326,Other,1997-10-05,2021-12-26,0,,email_684,Other,Own,company.co,sports,domestic,43.020474,-102.960197,2021-12-26,US,50,"49,81",,import,fake,brown,03463
685,timothy.test@test.org,Timothy,test,3901 Main St,Phoenix,Phoenix County,AZ,86910,web.net,482-303-2032,M,1962-03-23,2025-12-02,0,,email_685,Other,Rent,web.net,music,organic,29.555693,-118.182033,2025-12-02,US,27,"11,64",,api,timothy,test,86910
686,john.qwerty@web.net,John,qwerty,5220 Main St,San Antonio,San Antonio County,UT,84810,company.co,315-250-7882,F,1981-08-16,2021-12-02,0,,email_686,Other,,company.co,food,fitness,42.144744,-119.483262,2021-12-02,US,24,"35,98",1,web,john,qwerty,84810
687,robert.xyz@web.net,Robert,xyz,6895 Main St,San Antonio,San Antonio County,CO,80474,web.net,450-752-6905,M,1975-12-11,2026-04-09,0,,email_687,,,web.net,music,investing,47.296892,-99.873482,2026-04-09,US,30,"49,80",,import,robert,xyz,80474
688,anthony.test@test.org,Anthony,test,2975 Main St,New York,New York County,NY,13971,test.org,930-127-4612,F,1985-12-07,2024-12-11,0,,email_688,Asian,Own,test.org,health,casual,37.177379,-108.053574,2024-12-11,US,65,"48,82",0,import,anthony,test,13971
689,daniel.qwerty@web.net,Daniel,qwerty,2197 Main St,Columbus,Columbus County,WY,83301,company.co,979-844-3768,F,1968-01-17,2022-02-28,0,,email_689,Other,,company.co,health,football,25.448010,-92.409217,2022-02-28,US,32,"15,70",,api,daniel,qwerty,83301
690,mary.baker@business.io,Mary,Baker,2636 Main St,San Antonio,San Antonio County,UT,47811,mail.com,383-289-1882,Other,1997-05-22,2023-06-15,0,,email_690,Hispanic,,mail.com,sports,investing,40.121593,-99.310286,2023-06-15,US,50,"9,93",0,import,mary,baker,47811
691,joshua.moore@test.org,Joshua,Moore,3487 Main St,Fort Worth,Fort Worth County,CO,86278,company.co,326-828-6729,F,1970-03-26,2026-06-24,0,,email_691,Black,Own,company.co,sports,fitness,31.148313,-103.513072,2026-06-24,US,17,"49,81",,web,joshua,moore,86278
692,andrew.mitchell@business.io,Andrew,Mitchell,5104 Main St,Charlotte,Charlotte County,NM,82763,company.co,306-961-4500,M,1972-11-04,2022-09-15,0,,email_692,Hispanic,,company.co,food,casual,43.244725,-116.019332,2022-09-15,US,54,"24,94",,api,andrew,mitchell,82763
693,sandra.clark@test.org,Sandra,Clark,3494 Main St,Austin,Austin County,IN,88408,company.co,645-664-2332,F,2003-01-15,2025-07-27,1,,email_693,,Rent,company.co,sports,organic,39.679440,-99.085864,2025-07-27,US,32,"3,98",1,import,sandra,clark,88408
694,amanda.thomas@example.com,Amanda,Thomas,2084 Main St,Denver,Denver County,MN,16346,company.co,443-357-6591,F,1978-06-27,2026-06-26,1,,email_694,,Rent,company.co,finance,football,41.129626,-79.822710,2026-06-26,US,26,"27,51",1,import,amanda,thomas,16346
695,mark.mark@business.io,Mark,Mark,287 Main St,Denver,Denver County,DE,19276,test.org,330-797-1136,M,1984-01-12,2025-09-08,1,,email_695,Hispanic,Own,test.org,sports,organic,32.360550,-107.192413,2025-09-08,US,37,"49,71",1,import,mark,mark,19276
696,betty.betty@test.org,Betty,Betty,1911 Main St,Washington,Washington County,AZ,85713,test.org,375-200-9260,F,1979-01-18,2025-10-27,0,,email_696,Black,Own,test.org,travel,investing,46.204162,-107.562758,2025-10-27,US,97,"42,74",,manual,betty,betty,85713
697,michael.michael@test.org,Michael,Michael,9583 Main St,Washington,Washington County,WI,54984,test.org,443-657-7294,F,1975-09-16,2021-07-04,1,,email_697,Asian,Own,test.org,food,rock,41.187629,-83.422189,2021-07-04,US,9,"8,60",1,api,michael,michael,54984
698,brown@web.net,,Brown,3534 Main St,Denver,Denver County,FL,34648,business.io,356-729-3707,Other,1970-11-15,2021-03-27,0,,email_698,White,Own,business.io,fashion,rock,29.359815,-107.047604,2021-03-27,US,44,"25,88",,web,,brown,34648
699,adams@test.org,,Adams,9974 Main St,Chicago,Chicago County,NH,03702,web.net,448-683-2249,F,1954-09-12,2021-07-13,0,,email_699,,Own,web.net,technology,football,36.759751,-110.284580,2021-07-13,US,88,"14,95",,api,,adams,03702
700,donald.anderson700@example.com,Donald,Anderson,1804 Main St,Denver,Denver County,VT,05277,web.net,579-121-4433,M,1988-04-01,2022-09-14,1,,email_700,White,Rent,web.net,food,mobile,35.663719,-101.825185,2022-09-14,US,62,"50,72",,import,donald,anderson,05277
701,donald.adams701@web.net,Donald,Adams,3110 Main St,Charlotte,Charlotte County,NM,88294,business.io,775-983-3784,Other,1993-09-16,2020-05-10,1,,email_701,Other,Own,business.io,food,casual,32.739638,-85.903342,2020-05-10,US,46,"3,77",,api,donald,adams,88294
702,patricia.thompson702@web.net,Patricia,Thompson,3071 Main St,Philadelphia,Philadelphia County,NH,03367,mail.com,487-379-9303,F,1968-01-15,2025-05-27,1,,email_702,Asian,Rent,mail.com,music,fitness,39.453680,-82.117955,2025-05-27,US,67,"16,51",0,import,patricia,thompson,03367
703,paul.king703@mail.com,Paul,King,669 Main St,Denver,Denver County,MO,64938,mail.com,707-534-8878,Other,1996-03-14,2024-06-05,1,,email_703,White,Rent,mail.com,technology,domestic,43.753387,-92.243524,2024-06-05,US,14,"3,69",,manual,paul,king,64938
704,emily.perez704@test.org,Emily,Perez,8263 Main St,Seattle,Seattle County,MI,48531,business.io,616-645-1869,F,1966-08-02,2024-09-22,1,,email_704,Hispanic,Own,business.io,food,rock,38.275696,-118.690315,2024-09-22,US,43,"8,59",1,api,emily,perez,48531
705,james.nelson705@business.io,James,Nelson,1248 Main St,Los Angeles,Los Angeles County,IL,60514,business.io,348-590-8270,Other,1968-02-27,2025-05-28,1,,email_705,Black,,business.io,health,mobile,30.697910,-81.902764,2025-05-28,US,25,"42,56",0,manual,james,nelson,60514
706,brian.gonzalez706@mail.com,Brian,Gonzalez,2654 Main St,Indianapolis,Indianapolis County,KY,42590,web.net,576-520-9871,M,1990-12-13,2021-10-16,1,,email_706,Asian,Own,web.net,technology,investing,34.812980,-81.762714,2021-10-16,US,60,"49,96",1,import,brian,gonzalez,42590
707,betty.hernandez707@company.co,Betty,Hernandez,3944 Main St,San Francisco,San Francisco County,AL,36170,web.net,987-552-2167,M,1993-10-16,2023-08-07,1,,email_707,Other,Rent,web.net,technology,investing,30.867578,-81.688014,2023-08-07,US,24,"12,52",1,api,betty,hernandez,36170
708,david.martin708@web.net,David,Martin,8683 Main St,Denver,Denver County,DC,20156,web.net,956-454-4159,Other,1994-02-18,2025-08-03,1,,email_708,Asian,Own,web.net,sports,casual,39.949504,-104.108782,2025-08-03,US,96,"25,88",,api,david,martin,20156
709,dorothy.anderson709@business.io,Dorothy,Anderson,1089 Main St,San Diego,San Diego County,AR,72584,test.org,447-291-2809,M,1957-03-23,2025-10-08,1,,email_709,Black,Own,test.org,travel,domestic,26.306499,-106.352688,2025-10-08,US,52,"42,57",,web,dorothy,anderson,72584
710,james.lewis710@mail.com,James,Lewis,1240 Main St,San Diego,San Diego County,MO,65905,example.com,205-258-9489,F,1976-03-09,2021-12-07,1,,email_710,White,Rent,example.com,food,organic,33.509687,-92.112746,2021-12-07,US,90,"44,72",1,import,james,lewis,65905
711,sandra.moore711@test.org,Sandra,Moore,2789 Main St,Jacksonville,Jacksonville County,MA,02867,business.io,537-991-9513,Other,1962-12-23,2023-04-23,1,,email_711,Black,Rent,business.io,finance,organic,35.304914,-97.778824,2023-04-23,US,64,"1,72",,manual,sandra,moore,02867
712,barbara.hill712@example.com,Barbara,Hill,1412 Main St,San Francisco,San Francisco County,WI,54091,test.org,321-294-4454,M,1974-06-20,2023-03-20,1,,email_712,Black,Own,test.org,sports,fitness,40.853772,-93.244929,2023-03-20,US,1,"20,52",,manual,barbara,hill,54091
713,amanda.gonzalez713@example.com,Amanda,Gonzalez,6231 Main St,Houston,Houston County,NE,68333,test.org,511-250-7681,Other,1972-07-12,2026-05-20,1,,email_713,White,Own,test.org,travel,football,36.607588,-90.186242,2026-05-20,US,71,"42,99",,web,amanda,gonzalez,68333
714,brian.wright714@test.org,Brian,Wright,3329 Main St,Washington,Washington County,LA,70701,company.co,770-134-3001,Other,1966-12-16,2026-09-26,1,,email_714,Hispanic,,company.co,travel,rock,37.189095,-113.677544,2026-09-26,US,91,"42,95",,web,brian,wright,70701
715,charles.white715@business.io,Charles,White,4730 Main St,San Diego,San Diego County,DE,19962,business.io,718-179-9560,M,1972-12-27,2023-02-02,1,,email_715,White,,business.io,food,fitness,26.717395,-118.001331,2023-02-02,US,8,"6,55",,web,charles,white,19962
716,melissa.walker716@example.com,Melissa,Walker,9028 Main St,San Diego,San Diego County,MO,65132,test.org,825-973-7039,Other,1981-11-25,2021-12-20,1,,email_716,Other,,test.org,health,mobile,38.097460,-101.447967,2021-12-20,US,95,"13,98",,import,melissa,walker,65132
717,emily.thomas717@business.io,Emily,Thomas,8121 Main St,Philadelphia,Philadelphia County,KY,42336,company.co,987-650-2729,F,1969-12-11,2025-04-23,1,,email_717,Other,Own,company.co,finance,mobile,27.833509,-78.932946,2025-04-23,US,71,"17,52",0,import,emily,thomas,42336
718,elizabeth.hill718@mail.com,Elizabeth,Hill,7728 Main St,Dallas,Dallas County,AL,35292,example.com,363-278-1080,M,1977-02-11,2023-10-18,1,,email_718,Hispanic,Own,example.com,music,domestic,34.272892,-80.870118,2023-10-18,US,49,"12,58",,web,elizabeth,hill,35292
719,elizabeth.anderson719@company.co,Elizabeth,Anderson,6606 Main St,Jacksonville,Jacksonville County,DC,20878,mail.com,446-519-9696,M,1979-02-06,2022-01-08,1,,email_719,Other,Rent,mail.com,health,investing,25.158112,-75.194657,2022-01-08,US,30,"50,62",1,import,elizabeth,anderson,20878
720,thomas.roberts720@mail.com,Thomas,Roberts,7862 Main St,Charlotte,Charlotte County,WV,24300,company.co,683-276-6345,M,1971-03-14,2022-07-13,1,,email_720,Asian,Own,company.co,fashion,fitness,44.805064,-118.574321,2022-07-13,US,83,"12,71",,web,thomas,roberts,24300
721,joshua.clark721@web.net,Joshua,Clark,986 Main St,Houston,Houston County,HI,97468,business.io,269-159-2396,Other,1955-12-05,2024-07-28,1,,email_721,White,Own,business.io,travel,investing,37.429691,-71.230932,2024-07-28,US,24,"26,87",0,web,joshua,clark,97468
722,carol.harris722@company.co,Carol,Harris,264 Main St,Indianapolis,Indianapolis County,KS,66928,web.net,766-944-9100,M,1989-02-28,2023-04-23,1,,email_722,Hispanic,Rent,web.net,sports,domestic,36.569134,-114.301612,2023-04-23,US,87,"21,91",1,web,carol,harris,66928
723,nancy.wright723@example.com,Nancy,Wright,1425 Main St,Denver,Denver County,LA,70314,web.net,282-165-5806,F,1993-01-19,2021-01-04,1,,email_723,Other,Rent,web.net,technology,domestic,31.392053,-77.572651,2021-01-04,US,4,"9,60",0,manual,nancy,wright,70314
724,susan.roberts724@test.org,Susan,Roberts,1622 Main St,San Antonio,San Antonio County,NC,27309,test.org,789-406-4315,F,1987-02-17,2021-01-02,1,,email_724,Black,Rent,test.org,health,investing,26.452073,-75.809404,2021-01-02,US,97,"4,61",1,import,susan,roberts,27309
725,joshua.perez725@example.com,Joshua,Perez,4605 Main St,Columbus,Columbus County,WI,53739,mail.com,354-340-4697,Other,1994-11-17,2022-09-24,1,,email_725,White,,mail.com,sports,domestic,34.292220,-105.313888,2022-09-24,US,39,"5,70",0,web,joshua,perez,53739
726,nancy.carter726@example.com,Nancy,Carter,7945 Main St,Phoenix,Phoenix County,GA,31806,company.co,799-811-7467,M,2000-12-25,2022-10-25,1,,email_726,,,company.co,fashion,investing,45.445554,-73.515473,2022-10-25,US,61,"5,67",,web,nancy,carter,31806
727,robert.jones727@example.com,Robert,Jones,2014 Main St,Indianapolis,Indianapolis County,KY,41137,example.com,268-326-4206,M,1969-06-07,2025-09-28,1,,email_727,Other,Own,example.com,sports,organic,44.362403,-103.643891,2025-09-28,US,10,"43,58",,manual,robert,jones,41137
728,susan.gonzalez728@test.org,Susan,Gonzalez,1050 Main St,Columbus,Columbus County,CT,06460,company.co,964-524-7861,F,1955-04-27,2025-05-11,1,,email_728,Other,Rent,company.co,finance,mobile,45.739596,-121.298761,2025-05-11,US,95,"25,52",1,manual,susan,gonzalez,06460
729,betty.hernandez729@business.io,Betty,Hernandez,4503 Main St,Washington,Washington County,DC,20476,example.com,216-234-9663,Other,1978-05-13,2021-06-18,1,,email_729,,Own,example.com,health,organic,32.582173,-72.695751,2021-06-18,US,72,"17,86",1,manual,betty,hernandez,20476
730,amanda.garcia730@mail.com,Amanda,Garcia,7491 Main St,Chicago,Chicago County,NE,69397,mail.com,309-932-2824,Other,1974-06-04,2020-12-20,1,,email_730,Other,,mail.com,technology,rock,38.980108,-121.139973,2020-12-20,US,60,"12,88",1,import,amanda,garcia,69397
731,william.anderson731@test.org,William,Anderson,9192 Main St,Dallas,Dallas County,ND,58643,mail.com,671-676-1847,M,1966-09-20,2024-07-12,1,,email_731,White,Own,mail.com,sports,organic,44.386843,-86.763646,2024-07-12,US,65,"47,86",1,api,william,anderson,58643
732,deborah.campbell732@example.com,Deborah,Campbell,3519 Main St,San Antonio,San Antonio County,CT,06607,example.com,618-869-6023,Other,2002-02-14,2025-03-16,1,,email_732,Other,Rent,example.com,finance,mobile,37.047288,-119.797665,2025-03-16,US,30,"39,54",,api,deborah,campbell,06607
733,dorothy.davis733@test.org,Dorothy,Davis,2455 Main St,Chicago,Chicago County,ND,58421,web.net,645-728-3502,M,1953-07-05,2021-06-01,1,,email_733,,Rent,web.net,food,casual,28.189668,-121.194245,2021-06-01,US,71,"4,93",0,web,dorothy,davis,58421
734,elizabeth.walker734@company.co,Elizabeth,Walker,8117 Main St,Columbus,Columbus County,UT,84308,example.com,362-619-4604,M,1996-06-08,2023-01-19,1,,email_734,,,example.com,health,rock,37.119816,-91.333508,2023-01-19,US,12,"30,95",0,web,elizabeth,walker,84308
735,sandra.flores735@test.org,Sandra,Flores,2262 Main St,Houston,Houston County,AL,35977,web.net,920-931-3977,Other,2002-09-21,2022-04-12,1,,email_735,Hispanic,,web.net,finance,organic,46.882816,-101.200792,2022-04-12,US,79,"8,68",1,manual,sandra,flores,35977
736,donna.miller736@test.org,Donna,Miller,1432 Main St,Phoenix,Phoenix County,AR,72864,example.com,544-650-3387,F,1959-11-12,2024-10-18,1,,email_736,Black,Rent,example.com,fashion,organic,26.458784,-111.528269,2024-10-18,US,79,"50,70",0,manual,donna,miller,72864
737,brian.carter737@mail.com,Brian,Carter,4826 Main St,Jacksonville,Jacksonville County,PA,18419,web.net,643-589-8171,M,1984-04-11,2025-06-21,1,,email_737,Hispanic,,web.net,technology,football,25.672044,-102.308395,2025-06-21,US,68,"17,77",0,manual,brian,carter,18419
738,andrew.rivera738@business.io,Andrew,Rivera,8823 Main St,Phoenix,Phoenix County,HI,97696,business.io,256-362-1916,M,1996-08-13,2026-07-13,1,,email_738,Other,Own,business.io,health,organic,39.051316,-79.258921,2026-07-13,US,30,"34,69",0,api,andrew,rivera,97696
739,lisa.carter739@example.com,Lisa,Carter,4514 Main St,Fort Worth,Fort Worth County,MO,64146,test.org,738-897-9245,F,1999-05-09,2021-09-25,1,,email_739,Other,,test.org,fashion,rock,36.111386,-106.822003,2021-09-25,US,60,"10,58",,import,lisa,carter,64146
740,carol.allen740@web.net,Carol,Allen,6538 Main St,Philadelphia,Philadelphia County,KY,42780,web.net,353-762-7688,Other,1957-10-04,2026-01-16,1,,email_740,Hispanic,Own,web.net,travel,organic,36.854063,-75.451007,2026-01-16,US,80,"47,74",0,import,carol,allen,42780
741,michelle.allen741@example.com,Michelle,Allen,6616 Main St,Denver,Denver County,ND,58802,mail.com,768-452-8037,Other,1995-04-26,2023-01-02,1,,email_741,Asian,Rent,mail.com,health,organic,29.523734,-117.647507,2023-01-02,US,56,"36,68",1,web,michelle,allen,58802
742,brian.gonzalez742@business.io,Brian,Gonzalez,6703 Main St,Columbus,Columbus County,TX,77717,mail.com,882-451-3503,M,2005-02-20,2026-04-11,1,,email_742,,,mail.com,technology,casual,29.207199,-103.822158,2026-04-11,US,51,"14,76",,web,brian,gonzalez,77717
743,lisa.rivera743@mail.com,Lisa,Rivera,5091 Main St,San Francisco,San Francisco County,NV,88055,example.com,355-676-1460,F,1958-04-28,2024-09-12,1,,email_743,,Own,example.com,travel,rock,30.750452,-103.598416,2024-09-12,US,38,"20,87",0,api,lisa,rivera,88055
744,george.campbell744@test.org,George,Campbell,2142 Main St,Fort Worth,Fort Worth County,AL,35549,business.io,548-469-6469,Other,1978-03-17,2023-04-19,1,,email_744,Hispanic,Rent,business.io,finance,casual,26.062606,-81.827085,2023-04-19,US,3,"31,71",1,manual,george,campbell,35549
745,nancy.hall745@business.io,Nancy,Hall,5385 Main St,Houston,Houston County,FL,32826,test.org,578-224-5253,F,1991-02-09,2021-01-14,1,,email_745,White,Rent,test.org,food,domestic,38.795850,-116.949490,2021-01-14,US,77,"20,75",,import,nancy,hall,32826
746,carol.hernandez746@business.io,Carol,Hernandez,5631 Main St,New York,New York County,DC,20238,example.com,720-433-9157,F,1985-01-10,2024-11-02,1,,email_746,Asian,Own,example.com,health,casual,44.899741,-86.001469,2024-11-02,US,5,"39,56",,api,carol,hernandez,20238
747,jennifer.moore747@web.net,Jennifer,Moore,4123 Main St,Charlotte,Charlotte County,AR,71067,test.org,863-116-1683,F,1979-01-27,2026-04-03,1,,email_747,,Own,test.org,food,fitness,32.337635,-76.546378,2026-04-03,US,56,"45,59",,import,jennifer,moore,71067
748,lisa.lopez748@business.io,Lisa,Lopez,9558 Main St,Austin,Austin County,TN,37346,business.io,335-441-4138,M,1950-03-19,2026-12-14,1,,email_748,Other,Own,business.io,finance,domestic,31.810411,-112.492204,2026-12-14,US,61,"34,96",,manual,lisa,lopez,37346
749,anthony.baker749@test.org,Anthony,Baker,877 Main St,Fort Worth,Fort Worth County,MI,49289,web.net,775-400-1197,Other,2004-08-01,2026-01-20,1,,email_749,Black,Rent,web.net,music,casual,28.433701,-114.561458,2026-01-20,US,50,"18,52",1,import,anthony,baker,49289
750,kenneth.rivera750@web.net,Kenneth,Rivera,6636 Main St,Dallas,Dallas County,KY,42588,business.io,305-948-1468,F,1974-07-23,2026-04-17,1,,email_750,Other,Own,business.io,food,fitness,33.609768,-92.674221,2026-04-17,US,94,"20,64",1,import,kenneth,rivera,42588
751,john.flores751@mail.com,John,Flores,2549 Main St,San Francisco,San Francisco County,GA,30339,test.org,995-582-9944,F,1977-12-07,2020-09-11,1,,email_751,Other,Own,test.org,technology,organic,36.231291,-82.072900,2020-09-11,US,54,"22,72",,manual,john,flores,30339
752,matthew.hernandez752@company.co,Matthew,Hernandez,6440 Main St,New York,New York County,IL,60243,mail.com,454-435-5919,M,2004-06-27,2024-12-22,1,,email_752,Other,,mail.com,health,rock,31.919308,-114.204069,2024-12-22,US,12,"27,62",1,import,matthew,hernandez,60243
753,betty.adams753@example.com,Betty,Adams,5486 Main St,Columbus,Columbus County,AK,99053,company.co,236-516-1084,F,1991-06-07,2023-08-11,1,,email_753,White,,company.co,health,rock,32.919575,-90.294101,2023-08-11,US,27,"34,96",1,manual,betty,adams,99053
754,charles.young754@mail.com,Charles,Young,7425 Main St,San Diego,San Diego County,IN,47514,mail.com,778-728-1440,F,1972-10-28,2024-09-02,1,,email_754,White,Rent,mail.com,sports,football,27.791731,-75.160754,2024-09-02,US,88,"6,74",0,api,charles,young,47514
755,paul.gonzalez755@example.com,Paul,Gonzalez,891 Main St,Washington,Washington County,AL,35256,example.com,952-579-2673,Other,1968-06-10,2026-03-10,1,,email_755,Black,,example.com,technology,football,42.586591,-90.697244,2026-03-10,US,98,"16,63",1,web,paul,gonzalez,35256
756,joshua.brown756@test.org,Joshua,Brown,8729 Main St,Fort Worth,Fort Worth County,FL,32865,web.net,953-860-2720,F,1961-02-07,2021-09-16,1,,email_756,,Rent,web.net,health,investing,38.739002,-88.268045,2021-09-16,US,73,"37,94",0,web,joshua,brown,32865
757,john.green757@example.com,John,Green,3542 Main St,New York,New York County,MN,55119,business.io,780-491-3588,F,1980-08-27,2021-07-16,1,,email_757,,Rent,business.io,food,rock,35.767533,-103.639245,2021-07-16,US,4,"7,96",0,web,john,green,55119
758,paul.martinez758@test.org,Paul,Martinez,7344 Main St,Chicago,Chicago County,WY,83838,test.org,658-367-6302,F,1966-07-09,2023-09-18,1,,email_758,Asian,Rent,test.org,music,organic,25.967119,-123.445419,2023-09-18,US,91,"11,94",0,manual,paul,martinez,83838
759,daniel.rivera759@mail.com,Daniel,Rivera,5486 Main St,San Diego,San Diego County,PA,18523,example.com,254-906-9587,M,1980-11-27,2025-06-07,1,,email_759,Black,Rent,example.com,sports,organic,38.801734,-82.168244,2025-06-07,US,98,"29,99",1,web,daniel,rivera,18523
760,amanda.thomas760@business.io,Amanda,Thomas,1691 Main St,Fort Worth,Fort Worth County,SD,57052,test.org,499-495-9010,F,2005-07-24,2023-03-23,1,,email_760,,,test.org,fashion,mobile,31.271702,-116.009707,2023-03-23,US,95,"11,57",0,manual,amanda,thomas,57052
761,michelle.green761@business.io,Michelle,Green,3147 Main St,Seattle,Seattle County,WI,54099,company.co,346-806-4686,Other,1968-03-01,2024-12-04,1,,email_761,Black,Own,company.co,finance,investing,44.627900,-94.634719,2024-12-04,US,48,"28,78",0,web,michelle,green,54099
762,margaret.torres762@example.com,Margaret,Torres,2338 Main St,Dallas,Dallas County,DE,19680,web.net,878-631-5158,F,1979-02-14,2020-12-22,1,,email_762,Other,Own,web.net,health,domestic,37.344231,-99.770849,2020-12-22,US,9,"21,63",1,web,margaret,torres,19680
763,james.flores763@test.org,James,Flores,2803 Main St,Seattle,Seattle County,TN,38943,web.net,664-973-3437,M,1979-07-10,2022-08-09,1,,email_763,,Rent,web.net,fashion,investing,31.919032,-92.041858,2022-08-09,US,14,"49,51",,manual,james,flores,38943
764,matthew.young764@example.com,Matthew,Young,4394 Main St,Seattle,Seattle County,VT,05907,example.com,563-276-4525,M,1978-07-03,2024-01-03,1,,email_764,Black,Rent,example.com,fashion,casual,30.260891,-107.991292,2024-01-03,US,76,"1,87",,api,matthew,young,05907
765,,Joshua,Jackson,1588 Main St,Indianapolis,Indianapolis County,KY,40943,example.com,855-827-4464,Other,2000-09-17,2021-04-15,0,,email_765,Hispanic,Rent,example.com,finance,rock,40.557345,-116.443700,2021-04-15,US,86,"43,100",,web,joshua,jackson,40943
766,,Nancy,Miller,5560 Main St,Charlotte,Charlotte County,MD,22522,business.io,800-555-2552,Other,1956-11-16,2021-03-04,1,,email_766,White,Own,business.io,fashion,domestic,44.145122,-75.656352,2021-03-04,US,54,"27,68",,api,nancy,miller,22522
767,,Deborah,Flores,2746 Main St,Charlotte,Charlotte County,IN,46042,example.com,694-527-9670,M,1978-06-01,2023-04-12,0,,email_767,White,Rent,example.com,health,domestic,33.821388,-74.654375,2023-04-12,US,97,"29,70",,manual,deborah,flores,46042
768,,Robert,Hill,4162 Main St,Philadelphia,Philadelphia County,SC,29411,business.io,902-909-9158,Other,1978-05-18,2022-12-20,1,,email_768,White,Own,business.io,fashion,mobile,39.401647,-72.906412,2022-12-20,US,57,"32,60",0,manual,robert,hill,29411
769,,Amanda,Anderson,718 Main St,Seattle,Seattle County,KY,42802,web.net,323-458-1354,F,1970-06-09,2021-12-08,0,,email_769,Asian,Own,web.net,health,casual,33.401353,-76.293231,2021-12-08,US,46,"6,68",1,import,amanda,anderson,42802
770,,Joseph,Thompson,2337 Main St,San Diego,San Diego County,NC,28571,mail.com,344-154-9289,F,1982-10-21,2026-08-24,1,,email_770,White,Own,mail.com,sports,investing,25.689780,-85.556459,2026-08-24,US,23,"22,88",,web,joseph,thompson,28571
771,,Paul,Thomas,8183 Main St,San Francisco,San Francisco County,UT,84747,web.net,663-791-6074,Other,1995-03-10,2022-11-21,1,,email_771,Asian,Rent,web.net,travel,casual,32.053817,-123.668160,2022-11-21,US,34,"4,94",0,web,paul,thomas,84747
772,,Jessica,Moore,1092 Main St,Charlotte,Charlotte County,ME,04133,example.com,212-466-2056,M,2000-03-06,2026-06-07,1,,email_772,Asian,Rent,example.com,music,domestic,44.437070,-79.041514,2026-06-07,US,70,"42,80",,web,jessica,moore,04133
773,double@@at.com,Michelle,Hill,4764 Main St,Dallas,Dallas County,DC,20453,mail.com,595-342-8993,M,1958-12-21,2022-03-27,0,,email_773,Hispanic,,mail.com,travel,investing,47.573840,-85.852280,2022-03-27,US,9,"19,63",0,api,michelle,hill,20453
774,not-an-email,Karen,Nguyen,8696 Main St,New York,New York County,OK,73521,example.com,749-342-5999,M,1970-02-01,2020-01-19,0,,email_774,White,Own,example.com,technology,mobile,33.527503,-115.272232,2020-01-19,US,19,"34,69",1,web,karen,nguyen,73521
775,double@@at.com,Melissa,Carter,5779 Main St,Dallas,Dallas County,NC,28683,mail.com,341-413-8424,F,1999-07-06,2021-04-12,0,,email_775,White,Own,mail.com,food,organic,27.022963,-72.716201,2021-04-12,US,66,"38,73",1,import,melissa,carter,28683
776,no-at-sign,Patricia,Rodriguez,7830 Main St,Fort Worth,Fort Worth County,ME,03511,web.net,450-697-7738,M,2000-11-06,2020-03-23,1,,email_776,Hispanic,,web.net,travel,rock,34.765830,-102.568893,2020-03-23,US,84,"4,95",1,import,patricia,rodriguez,03511
777,not-an-email,John,Scott,5134 Main St,San Diego,San Diego County,WV,25970,test.org,546-855-1165,M,1963-11-17,2023-05-15,0,,email_777,Asian,Own,test.org,fashion,mobile,29.494223,-93.365818,2023-05-15,US,49,"10,69",1,api,john,scott,25970
778,no-at-sign,Jennifer,Perez,7135 Main St,San Jose,San Jose County,WV,25293,test.org,667-316-9743,F,2002-04-15,2023-03-03,0,,email_778,,Own,test.org,sports,football,34.902797,-84.244017,2023-03-03,US,100,"33,54",1,web,jennifer,perez,25293
779,double@@at.com,Sandra,Nelson,7416 Main St,Columbus,Columbus County,IA,50377,company.co,849-818-1183,F,1953-05-28,2022-01-23,0,,email_779,,,company.co,music,fitness,39.711307,-99.549830,2022-01-23,US,60,"35,55",0,api,sandra,nelson,50377
780,xxx.white@mail.com,xxx,White,3410 Main St,Houston,Houston County,CT,06470,test.org,454-575-5145,Other,1992-05-09,2024-11-24,0,,email_780,,Rent,test.org,health,domestic,36.777414,-103.657361,2024-11-24,US,53,"27,52",0,import,xxx,white,06470
781,aaa.adams@test.org,aaa,Adams,383 Main St,Austin,Austin County,TX,78813,example.com,508-476-2863,Other,2004-02-11,2025-05-09,0,,email_781,Other,,example.com,finance,rock,28.635028,-109.668872,2025-05-09,US,93,"37,94",0,api,aaa,adams,78813
782,aaa.thomas@business.io,aaa,Thomas,8847 Main St,Columbus,Columbus County,DE,19697,company.co,742-744-2586,F,1985-01-15,2025-08-02,1,,email_782,Black,,company.co,sports,casual,41.129501,-101.123549,2025-08-02,US,56,"22,53",1,web,aaa,thomas,19697
783,admin.mitchell@web.net,admin,Mitchell,370 Main St,Phoenix,Phoenix County,LA,70073,web.net,826-116-4881,F,1970-03-03,2020-05-27,0,,email_783,Black,,web.net,travel,rock,41.017933,-103.914564,2020-05-27,US,92,"28,98",0,import,admin,mitchell,70073
784,xxx.carter@test.org,xxx,Carter,2151 Main St,San Antonio,San Antonio County,KY,41021,mail.com,428-568-5748,F,1982-08-02,2024-07-12,0,,email_784,Other,Own,mail.com,health,football,39.096435,-82.197710,2024-07-12,US,28,"4,94",,api,xxx,carter,41021
785,brian.qwerty@company.co,Brian,qwerty,7441 Main St,San Jose,San Jose County,WA,98539,business.io,936-544-8604,F,1961-09-06,2020-08-13,1,,email_785,Asian,,business.io,fashion,fitness,32.925713,-84.319332,2020-08-13,US,22,"43,74",,import,brian,qwerty,98539
786,paul.fake@mail.com,Paul,fake,5554 Main St,Jacksonville,Jacksonville County,MI,48535,test.org,522-478-6642,Other,1962-08-28,2020-01-28,1,,email_786,Hispanic,Rent,test.org,travel,investing,45.007285,-88.241087,2020-01-28,US,88,"30,65",1,import,paul,fake,48535
787,carol.dummy@test.org,Carol,dummy,3356 Main St,Jacksonville,Jacksonville County,OK,74701,example.com,598-904-6317,M,1977-11-27,2026-05-01,1,,email_787,White,Own,example.com,food,casual,47.663229,-116.234543,2026-05-01,US,24,"49,62",,api,carol,dummy,74701
788,sarah.zzz@business.io,Sarah,zzz,5115 Main St,Denver,Denver County,FL,33257,example.com,654-511-2219,F,2001-11-06,2020-01-16,0,,email_788,Hispanic,Rent,example.com,sports,investing,40.790473,-94.437790,2020-01-16,US,45,"49,83",0,manual,sarah,zzz,33257
789,william.zzz@mail.com,William,zzz,9403 Main St,San Jose,San Jose County,MA,02370,example.com,358-266-7343,F,1975-06-13,2023-07-11,0,,email_789,White,,example.com,food,football,38.794222,-87.269502,2023-07-11,US,69,"9,65",0,import,william,zzz,02370
790,karen.rivera@mail.com,Karen,Rivera,3733 Main St,Columbus,Columbus County,PA,03415,mail.com,348-903-6310,F,1980-11-13,2025-12-22,0,,email_790,White,Rent,mail.com,health,football,29.395953,-76.050290,2025-12-22,US,39,"33,65",1,manual,karen,rivera,03415
791,michael.allen@business.io,Michael,Allen,7036 Main St,Denver,Denver County,SD,50478,company.co,928-821-9695,F,1991-04-18,2023-05-08,0,,email_791,Hispanic,Rent,company.co,sports,football,30.687548,-119.435173,2023-05-08,US,35,"7,67",,web,michael,allen,50478
792,paul.thomas@example.com,Paul,Thomas,4232 Main St,Denver,Denver County,MO,59675,web.net,874-774-4293,Other,1969-11-05,2021-02-21,1,,email_792,,,web.net,fashion,football,33.168206,-113.836443,2021-02-21,US,80,"28,82",,import,paul,thomas,59675
793,ashley.thomas@web.net,Ashley,Thomas,6158 Main St,Houston,Houston County,TX,99420,mail.com,221-244-5320,M,1964-12-04,2025-02-09,1,,email_793,,,mail.com,finance,organic,33.264048,-78.813606,2025-02-09,US,54,"49,80",,api,ashley,thomas,99420
794,susan.wilson@web.net,Susan,Wilson,1954 Main St,Chicago,Chicago County,NM,61971,example.com,674-630-7313,F,1973-06-22,2022-09-08,0,,email_794,,Own,example.com,finance,mobile,40.572269,-117.169961,2022-09-08,US,22,"38,80",,api,susan,wilson,61971
795,joshua.joshua@example.com,Joshua,Joshua,2877 Main St,Seattle,Seattle County,SC,29915,example.com,663-931-3122,M,1989-08-28,2025-02-27,0,,email_795,Other,Own,example.com,sports,casual,44.544698,-85.434979,2025-02-27,US,42,"29,82",1,web,joshua,joshua,29915
796,donna.donna@test.org,Donna,Donna,3163 Main St,Columbus,Columbus County,KS,66171,example.com,795-526-8007,F,1976-04-28,2021-10-10,1,,email_796,Asian,Own,example.com,finance,investing,46.304731,-116.961527,2021-10-10,US,65,"15,66",1,import,donna,donna,66171
797,paul.paul@web.net,Paul,Paul,7781 Main St,San Diego,San Diego County,AK,99367,test.org,656-923-2761,F,1954-06-03,2024-08-27,1,,email_797,Asian,Own,test.org,finance,organic,42.053672,-79.480524,2024-08-27,US,66,"36,69",,import,paul,paul,99367
798,martin@example.com,,Martin,2741 Main St,New York,New York County,IL,60270,test.org,652-143-3175,M,1990-11-25,2020-01-12,0,,email_798,Black,Rent,test.org,travel,mobile,29.661293,-118.752315,2020-01-12,US,16,"34,88",1,import,,martin,60270
799,johnson@web.net,,Johnson,3434 Main St,Los Angeles,Los Angeles County,NY,11558,example.com,971-437-7473,Other,1992-07-26,2022-02-23,1,,email_799,Asian,,example.com,sports,domestic,42.609525,-105.285406,2022-02-23,US,69,"33,79",,manual,,johnson,11558
800,nancy.lee800@mail.com,Nancy,Lee,5786 Main St,San Francisco,San Francisco County,IN,46400,business.io,283-842-4558,Other,1976-10-13,2021-08-22,1,,email_800,Asian,,business.io,finance,casual,46.444134,-93.390252,2021-08-22,US,68,"19,84",1,manual,nancy,lee,46400
801,andrew.garcia801@business.io,Andrew,Garcia,4641 Main St,Los Angeles,Los Angeles County,MO,63370,test.org,589-523-7533,Other,1961-01-04,2022-02-26,1,,email_801,Other,Own,test.org,food,organic,32.436012,-85.242838,2022-02-26,US,40,"37,80",,api,andrew,garcia,63370
802,william.allen802@mail.com,William,Allen,8328 Main St,San Jose,San Jose County,AL,35364,example.com,474-606-4061,Other,1983-09-21,2026-11-01,1,,email_802,Other,Rent,example.com,technology,football,42.769982,-114.930330,2026-11-01,US,100,"27,87",,manual,william,allen,35364
803,kenneth.nguyen803@company.co,Kenneth,Nguyen,9188 Main St,Denver,Denver County,WV,26421,test.org,749-956-4479,M,2003-02-10,2021-02-05,1,,email_803,Hispanic,,test.org,sports,domestic,38.722330,-86.182726,2021-02-05,US,83,"32,65",1,manual,kenneth,nguyen,26421
804,donald.martinez804@mail.com,Donald,Martinez,4465 Main St,Houston,Houston County,ID,83866,web.net,225-428-8330,Other,1997-09-25,2024-11-06,1,,email_804,Asian,Own,web.net,health,fitness,27.625749,-85.682340,2024-11-06,US,75,"50,60",,import,donald,martinez,83866
805,james.davis805@company.co,James,Davis,6822 Main St,Indianapolis,Indianapolis County,UT,84256,mail.com,741-419-7822,F,1957-01-10,2020-06-20,1,,email_805,Asian,Own,mail.com,music,mobile,39.036976,-89.105788,2020-06-20,US,75,"44,78",1,api,james,davis,84256
806,william.wilson806@mail.com,William,Wilson,9995 Main St,Fort Worth,Fort Worth County,MD,21414,business.io,508-776-1419,M,1954-03-22,2020-03-17,1,,email_806,Other,Rent,business.io,food,mobile,41.781832,-110.664685,2020-03-17,US,27,"49,61",1,manual,william,wilson,21414
807,timothy.williams807@mail.com,Timothy,Williams,7629 Main St,Dallas,Dallas County,MT,59614,test.org,559-653-6375,M,1993-07-25,2025-11-11,1,,email_807,Other,,test.org,technology,domestic,40.875935,-117.459967,2025-11-11,US,69,"36,70",1,import,timothy,williams,59614
808,deborah.king808@test.org,Deborah,King,9440 Main St,San Jose,San Jose County,AR,72907,mail.com,235-159-7907,Other,1968-10-25,2020-09-15,1,,email_808,Asian,Own,mail.com,sports,rock,29.275898,-85.409851,2020-09-15,US,6,"12,54",,web,deborah,king,72907
809,donald.sanchez809@web.net,Donald,Sanchez,5684 Main St,Charlotte,Charlotte County,NH,03729,business.io,961-193-2447,M,1968-03-15,2023-07-21,1,,email_809,Other,Rent,business.io,fashion,casual,39.833079,-111.153652,2023-07-21,US,72,"22,97",0,manual,donald,sanchez,03729
810,joseph.harris810@mail.com,Joseph,Harris,1861 Main St,Los Angeles,Los Angeles County,IL,61700,business.io,862-366-7772,M,1971-05-06,2020-11-17,1,,email_810,Other,Rent,business.io,health,football,38.589830,-115.269469,2020-11-17,US,37,"37,77",,import,joseph,harris,61700
811,betty.mitchell811@business.io,Betty,Mitchell,1729 Main St,San Antonio,San Antonio County,MN,56182,mail.com,306-452-9778,M,1965-09-22,2020-10-11,1,,email_811,,Rent,mail.com,food,domestic,38.192797,-75.584384,2020-10-11,US,87,"50,66",1,manual,betty,mitchell,56182
812,joseph.thompson812@company.co,Joseph,Thompson,6737 Main St,Columbus,Columbus County,UT,84830,example.com,458-239-1267,F,2004-01-03,2023-11-01,1,,email_812,Hispanic,Own,example.com,finance,organic,36.906911,-124.343865,2023-11-01,US,60,"8,74",1,web,joseph,thompson,84830
813,michael.campbell813@test.org,Michael,Campbell,8147 Main St,Washington,Washington County,MT,59263,company.co,290-436-4298,M,1960-07-28,2025-02-12,1,,email_813,Black,Rent,company.co,travel,organic,36.181834,-99.955150,2025-02-12,US,32,"14,67",,import,michael,campbell,59263
814,christopher.clark814@company.co,Christopher,Clark,3133 Main St,Jacksonville,Jacksonville County,PA,17899,company.co,553-476-2007,Other,1992-12-16,2025-12-03,1,,email_814,White,Rent,company.co,health,investing,34.419806,-71.470387,2025-12-03,US,61,"9,84",0,web,christopher,clark,17899
815,brian.harris815@business.io,Brian,Harris,2792 Main St,Houston,Houston County,DC,20151,test.org,755-660-6434,Other,1964-06-08,2026-03-22,1,,email_815,,,test.org,travel,football,33.732604,-114.827605,2026-03-22,US,59,"4,56",0,manual,brian,harris,20151
816,michael.walker816@business.io,Michael,Walker,3498 Main St,Los Angeles,Los Angeles County,RI,02589,test.org,255-725-4194,M,1978-01-19,2025-09-13,1,,email_816,Black,Own,test.org,technology,organic,37.447562,-95.294651,2025-09-13,US,81,"22,95",,web,michael,walker,02589
817,steven.ramirez817@business.io,Steven,Ramirez,4918 Main St,Philadelphia,Philadelphia County,MI,49347,business.io,403-461-2286,F,1983-02-14,2020-11-02,1,,email_817,Other,Own,business.io,music,investing,42.263218,-89.685284,2020-11-02,US,82,"1,95",0,import,steven,ramirez,49347
818,christopher.clark818@test.org,Christopher,Clark,6088 Main St,Austin,Austin County,IL,62570,example.com,735-678-4356,F,1975-05-24,2025-10-27,1,,email_818,Asian,,example.com,health,rock,28.928627,-86.011578,2025-10-27,US,23,"39,72",,import,christopher,clark,62570
819,lisa.lee819@example.com,Lisa,Lee,4319 Main St,Philadelphia,Philadelphia County,NJ,08167,web.net,755-690-7249,F,1979-08-05,2025-08-24,1,,email_819,Asian,,web.net,food,football,40.366150,-121.824693,2025-08-24,US,89,"6,52",,api,lisa,lee,08167
820,linda.lopez820@web.net,Linda,Lopez,277 Main St,New York,New York County,UT,84329,company.co,978-282-8418,M,1962-08-06,2026-07-14,1,,email_820,White,Rent,company.co,music,football,35.740008,-89.722596,2026-07-14,US,35,"50,63",,web,linda,lopez,84329
821,nancy.clark821@mail.com,Nancy,Clark,6777 Main St,Denver,Denver County,WA,99347,business.io,685-955-8948,F,1966-04-14,2026-06-10,1,,email_821,Asian,Rent,business.io,travel,rock,36.022415,-91.401915,2026-06-10,US,48,"50,90",,web,nancy,clark,99347
822,paul.martinez822@example.com,Paul,Martinez,9768 Main St,Los Angeles,Los Angeles County,UT,84870,test.org,601-405-5922,F,1953-11-07,2022-02-19,1,,email_822,Other,,test.org,health,domestic,41.294944,-92.124385,2022-02-19,US,17,"49,89",,api,paul,martinez,84870
823,joseph.davis823@example.com,Joseph,Davis,1697 Main St,Los Angeles,Los Angeles County,HI,97963,example.com,878-807-5746,F,1961-11-21,2026-11-01,1,,email_823,Asian,Rent,example.com,travel,casual,30.324169,-90.302456,2026-11-01,US,59,"28,65",,manual,joseph,davis,97963
824,amanda.hall824@mail.com,Amanda,Hall,810 Main St,Dallas,Dallas County,WI,54845,example.com,419-711-1890,Other,1964-09-06,2023-06-28,1,,email_824,White,,example.com,health,fitness,44.635039,-90.332065,2023-06-28,US,85,"26,52",1,web,amanda,hall,54845
825,barbara.ramirez825@mail.com,Barbara,Ramirez,9771 Main St,Indianapolis,Indianapolis County,IL,60199,business.io,517-178-9056,F,1994-08-22,2024-02-04,1,,email_825,Black,Rent,business.io,music,fitness,35.299209,-121.563819,2024-02-04,US,40,"7,71",1,web,barbara,ramirez,60199
826,joseph.anderson826@company.co,Joseph,Anderson,3728 Main St,Philadelphia,Philadelphia County,IL,62993,test.org,246-412-5716,M,1991-04-10,2025-07-06,1,,email_826,,Own,test.org,music,rock,39.439749,-102.995141,2025-07-06,US,25,"31,70",0,manual,joseph,anderson,62993
827,mary.green827@mail.com,Mary,Green,8762 Main St,Seattle,Seattle County,GA,30574,example.com,471-426-4488,Other,1981-03-02,2021-11-28,1,,email_827,White,Own,example.com,health,football,39.980829,-91.817874,2021-11-28,US,54,"32,99",,web,mary,green,30574
828,anthony.garcia828@web.net,Anthony,Garcia,4950 Main St,Philadelphia,Philadelphia County,DE,19991,company.co,820-179-3147,M,1969-11-26,2023-02-17,1,,email_828,White,Own,company.co,music,football,44.744541,-101.777343,2023-02-17,US,22,"39,82",1,manual,anthony,garcia,19991
829,robert.walker829@business.io,Robert,Walker,1295 Main St,Fort Worth,Fort Worth County,NJ,07207,mail.com,451-513-9825,Other,2002-06-10,2024-11-01,1,,email_829,Other,Own,mail.com,sports,organic,25.746723,-77.070092,2024-11-01,US,70,"5,96",,manual,robert,walker,07207
830,jennifer.martinez830@test.org,Jennifer,Martinez,7150 Main St,Indianapolis,Indianapolis County,ID,84330,test.org,830-715-7737,M,1994-10-26,2022-05-05,1,,email_830,Black,,test.org,music,organic,26.943278,-99.773325,2022-05-05,US,19,"50,81",,api,jennifer,martinez,84330
831,donald.williams831@mail.com,Donald,Williams,1661 Main St,Chicago,Chicago County,FL,33787,business.io,239-832-3058,M,1980-02-04,2025-09-03,1,,email_831,Asian,Own,business.io,sports,rock,33.038959,-80.666096,2025-09-03,US,75,"45,59",0,manual,donald,williams,33787
832,donald.martinez832@example.com,Donald,Martinez,2822 Main St,Chicago,Chicago County,DE,19731,company.co,433-523-6955,Other,1982-11-12,2025-04-22,1,,email_832,White,Own,company.co,food,rock,42.890689,-103.109523,2025-04-22,US,39,"41,79",0,web,donald,martinez,19731
833,sandra.campbell833@company.co,Sandra,Campbell,3717 Main St,Houston,Houston County,WY,83365,test.org,530-380-8729,Other,1989-10-11,2020-11-02,1,,email_833,,Own,test.org,music,football,41.520078,-100.081628,2020-11-02,US,54,"6,72",,web,sandra,campbell,83365
834,barbara.nguyen834@test.org,Barbara,Nguyen,1706 Main St,Denver,Denver County,IL,62709,web.net,935-487-6651,Other,1993-08-04,2024-06-01,1,,email_834,,Own,web.net,technology,investing,44.595081,-86.004586,2024-06-01,US,97,"14,62",,manual,barbara,nguyen,62709
835,emily.clark835@mail.com,Emily,Clark,9015 Main St,Charlotte,Charlotte County,ME,03469,web.net,419-520-4074,Other,1992-09-03,2021-05-23,1,,email_835,White,,web.net,food,rock,35.787659,-114.977243,2021-05-23,US,39,"40,78",0,manual,emily,clark,03469
836,william.miller836@business.io,William,Miller,5143 Main St,San Jose,San Jose County,WY,82537,example.com,734-983-9800,F,1961-08-04,2023-03-26,1,,email_836,Asian,Own,example.com,technology,mobile,47.088491,-93.136131,2023-03-26,US,15,"11,89",1,web,william,miller,82537
837,kimberly.rivera837@web.net,Kimberly,Rivera,2146 Main St,San Antonio,San Antonio County,UT,84193,example.com,482-334-1494,Other,1952-05-08,2021-01-13,1,,email_837,Hispanic,Own,example.com,music,fitness,30.827001,-72.451320,2021-01-13,US,77,"16,62",1,manual,kimberly,rivera,84193
838,emily.young838@business.io,Emily,Young,8379 Main St,Chicago,Chicago County,NH,03533,business.io,402-436-8959,Other,1996-04-28,2023-09-21,1,,email_838,,Own,business.io,finance,mobile,46.602034,-92.425981,2023-09-21,US,23,"40,84",0,web,emily,young,03533
839,patricia.hill839@company.co,Patricia,Hill,5758 Main St,Chicago,Chicago County,KY,40971,mail.com,925-582-2728,M,1957-03-22,2024-06-16,1,,email_839,,Rent,mail.com,sports,investing,39.764585,-123.203293,2024-06-16,US,40,"44,78",,import,patricia,hill,40971
840,susan.lewis840@company.co,Susan,Lewis,8859 Main St,Jacksonville,Jacksonville County,MO,65115,company.co,862-794-8381,F,1950-09-01,2025-10-13,1,,email_840,Black,,company.co,health,casual,34.428008,-75.733019,2025-10-13,US,60,"6,97",,web,susan,lewis,65115
841,daniel.jones841@business.io,Daniel,Jones,6814 Main St,Philadelphia,Philadelphia County,OR,97915,company.co,544-613-8597,M,1967-07-10,2021-03-02,1,,email_841,Hispanic,,company.co,finance,football,32.174916,-104.993157,2021-03-02,US,87,"5,65",1,manual,daniel,jones,97915
842,mark.nguyen842@business.io,Mark,Nguyen,8271 Main St,New York,New York County,MN,56485,mail.com,215-815-6571,Other,1964-07-22,2021-01-13,1,,email_842,Hispanic,,mail.com,fashion,organic,29.985801,-86.461344,2021-01-13,US,78,"19,95",1,import,mark,nguyen,56485
843,nancy.flores843@mail.com,Nancy,Flores,4106 Main St,Washington,Washington County,NV,89157,business.io,296-330-4896,M,1954-04-22,2023-11-03,1,,email_843,Hispanic,Own,business.io,health,football,38.941290,-109.034661,2023-11-03,US,31,"4,60",1,api,nancy,flores,89157
844,mark.lopez844@mail.com,Mark,Lopez,8731 Main St,Philadelphia,Philadelphia County,KY,42754,web.net,881-152-2181,F,1959-08-01,2024-12-13,1,,email_844,,Own,web.net,travel,investing,26.216593,-118.209011,2024-12-13,US,14,"23,100",,manual,mark,lopez,42754
845,anthony.jones845@web.net,Anthony,Jones,6590 Main St,Jacksonville,Jacksonville County,NV,89320,example.com,243-681-8588,F,1992-11-26,2022-02-09,1,,email_845,Asian,Rent,example.com,sports,domestic,35.929764,-122.569486,2022-02-09,US,40,"41,87",1,api,anthony,jones,89320
846,joseph.garcia846@mail.com,Joseph,Garcia,5467 Main St,Jacksonville,Jacksonville County,NM,88176,web.net,517-403-5446,Other,1985-04-07,2024-12-02,1,,email_846,,Own,web.net,fashion,domestic,33.813168,-95.928315,2024-12-02,US,86,"27,82",,manual,joseph,garcia,88176
847,kenneth.nelson847@company.co,Kenneth,Nelson,746 Main St,San Antonio,San Antonio County,MA,02679,company.co,538-186-3161,F,2003-07-25,2025-03-10,1,,email_847,White,Own,company.co,travel,casual,38.602673,-71.077584,2025-03-10,US,78,"41,74",1,api,kenneth,nelson,02679
848,brian.white848@test.org,Brian,White,519 Main St,Charlotte,Charlotte County,ID,83157,company.co,609-129-1686,Other,1952-04-06,2023-05-17,1,,email_848,Asian,Own,company.co,finance,football,37.673391,-89.880452,2023-05-17,US,2,"2,65",0,api,brian,white,83157
849,george.ramirez849@test.org,George,Ramirez,4890 Main St,Houston,Houston County,MT,59489,company.co,508-644-2628,Other,1962-06-19,2023-12-19,1,,email_849,Hispanic,Rent,company.co,music,domestic,36.319122,-101.736337,2023-12-19,US,64,"9,67",0,import,george,ramirez,59489
850,george.scott850@web.net,George,Scott,3337 Main St,Jacksonville,Jacksonville County,MO,63164,test.org,270-191-6939,M,1990-01-07,2024-02-26,1,,email_850,Asian,Rent,test.org,technology,mobile,45.212814,-89.451052,2024-02-26,US,69,"30,81",0,manual,george,scott,63164
851,timothy.wilson851@company.co,Timothy,Wilson,2168 Main St,Charlotte,Charlotte County,CO,81927,business.io,842-656-3278,Other,1977-11-25,2020-12-22,1,,email_851,Black,Own,business.io,travel,investing,27.313723,-119.466505,2020-12-22,US,65,"9,58",0,manual,timothy,wilson,81927
852,richard.rodriguez852@web.net,Richard,Rodriguez,4667 Main St,New York,New York County,OR,97117,mail.com,388-748-6929,F,1966-06-01,2023-08-17,1,,email_852,White,Own,mail.com,technology,rock,25.016152,-71.856654,2023-08-17,US,59,"11,73",1,api,richard,rodriguez,97117
853,dorothy.green853@test.org,Dorothy,Green,3552 Main St,Chicago,Chicago County,KY,41352,mail.com,716-657-6337,F,1983-06-09,2023-08-04,1,,email_853,White,Own,mail.com,fashion,investing,45.488438,-100.379994,2023-08-04,US,61,"22,77",0,api,dorothy,green,41352
854,karen.gonzalez854@mail.com,Karen,Gonzalez,1429 Main St,New York,New York County,DC,20565,test.org,566-625-7146,Other,1986-11-09,2023-01-16,1,,email_854,,,test.org,technology,fitness,43.116378,-84.116781,2023-01-16,US,5,"30,80",,manual,karen,gonzalez,20565
855,george.robinson855@company.co,George,Robinson,1228 Main St,Dallas,Dallas County,MS,38188,web.net,383-331-6634,F,1974-07-09,2022-04-22,1,,email_855,,Rent,web.net,sports,fitness,41.099510,-74.730505,2022-04-22,US,19,"49,95",,manual,george,robinson,38188
856,joshua.thomas856@test.org,Joshua,Thomas,7918 Main St,Dallas,Dallas County,KS,67185,example.com,657-649-4528,F,1959-07-21,2026-07-23,1,,email_856,Hispanic,Rent,example.com,music,mobile,41.990236,-84.105554,2026-07-23,US,100,"36,52",1,manual,joshua,thomas,67185
857,timothy.jackson857@business.io,Timothy,Jackson,6258 Main St,Fort Worth,Fort Worth County,FL,32963,mail.com,616-872-1320,Other,1973-01-20,2026-02-19,1,,email_857,,Rent,mail.com,music,investing,32.878836,-81.597750,2026-02-19,US,75,"37,56",1,web,timothy,jackson,32963
858,emily.adams858@web.net,Emily,Adams,5314 Main St,Seattle,Seattle County,WV,26406,example.com,863-709-9458,Other,1951-03-09,2026-02-02,1,,email_858,Asian,Own,example.com,technology,casual,31.003704,-102.835294,2026-02-02,US,20,"29,90",0,web,emily,adams,26406
859,paul.robinson859@mail.com,Paul,Robinson,7279 Main St,Austin,Austin County,NV,89425,example.com,571-607-6479,M,1998-10-02,2021-11-21,1,,email_859,Other,,example.com,fashion,casual,35.026567,-75.101668,2021-11-21,US,90,"45,82",,api,paul,robinson,89425
860,kevin.anderson860@web.net,Kevin,Anderson,7228 Main St,San Francisco,San Francisco County,NM,88020,test.org,812-471-5075,F,1999-01-11,2026-08-21,1,,email_860,Hispanic,,test.org,technology,casual,47.813989,-93.607684,2026-08-21,US,59,"12,99",0,api,kevin,anderson,88020
861,joseph.baker861@web.net,Joseph,Baker,252 Main St,New York,New York County,NC,27508,mail.com,373-718-6481,M,1972-05-27,2025-04-11,1,,email_861,Hispanic,,mail.com,travel,domestic,39.884663,-99.684437,2025-04-11,US,23,"15,75",1,web,joseph,baker,27508
862,kimberly.torres862@mail.com,Kimberly,Torres,7382 Main St,San Antonio,San Antonio County,KS,67155,web.net,548-303-6539,F,1979-04-14,2025-01-26,1,,email_862,Black,,web.net,sports,football,36.737216,-111.801046,2025-01-26,US,30,"43,78",1,api,kimberly,torres,67155
863,thomas.miller863@business.io,Thomas,Miller,1433 Main St,Philadelphia,Philadelphia County,RI,03886,company.co,962-710-4488,Other,2005-02-17,2021-06-05,1,,email_863,Other,Rent,company.co,health,football,47.360205,-91.885828,2021-06-05,US,47,"16,51",1,api,thomas,miller,03886
864,charles.wilson864@company.co,Charles,Wilson,5583 Main St,Houston,Houston County,NC,27940,web.net,472-469-8908,Other,1968-03-02,2025-07-27,1,,email_864,White,Own,web.net,sports,investing,30.174819,-71.535201,2025-07-27,US,30,"15,60",,manual,charles,wilson,27940
865,,David,Martin,4134 Main St,Charlotte,Charlotte County,ND,58126,business.io,921-715-9139,M,1950-02-19,2022-03-03,0,,email_865,,,business.io,fashion,casual,38.368202,-88.391453,2022-03-03,US,99,"41,82",1,api,david,martin,58126
866,,Paul,Williams,5238 Main St,New York,New York County,CO,81795,example.com,872-650-8019,F,1978-12-02,2021-11-05,1,,email_866,,,example.com,travel,mobile,33.641016,-77.654843,2021-11-05,US,100,"22,71",1,import,paul,williams,81795
867,,Patricia,Hernandez,4199 Main St,Fort Worth,Fort Worth County,ME,04400,company.co,707-170-8468,M,1985-05-24,2023-01-20,1,,email_867,,,company.co,food,organic,35.509483,-83.848672,2023-01-20,US,52,"15,65",0,import,patricia,hernandez,04400
868,,James,Campbell,8133 Main St,Denver,Denver County,NM,87327,web.net,866-463-2062,F,1999-09-07,2021-02-27,0,,email_868,Asian,,web.net,fashion,fitness,39.940256,-76.604469,2021-02-27,US,75,"30,87",0,api,james,campbell,87327
869,,Daniel,Moore,8967 Main St,San Diego,San Diego County,MI,49413,web.net,422-821-6510,Other,1963-12-05,2025-04-08,1,,email_869,Hispanic,,web.net,health,rock,33.723934,-119.522585,2025-04-08,US,8,"39,68",,manual,daniel,moore,49413
870,,Kevin,Baker,9704 Main St,Denver,Denver County,AZ,86306,web.net,930-100-2800,Other,1976-03-05,2026-07-08,0,,email_870,Asian,Own,web.net,food,investing,41.491518,-97.617729,2026-07-08,US,72,"20,93",0,api,kevin,baker,86306
871,,Thomas,King,4003 Main St,Columbus,Columbus County,UT,84350,test.org,936-293-8706,Other,1962-09-25,2023-12-11,0,,email_871,Black,Rent,test.org,travel,domestic,28.959561,-103.660989,2023-12-11,US,34,"42,92",,import,thomas,king,84350
872,,Emily,Young,7177 Main St,Chicago,Chicago County,MI,48569,mail.com,636-930-7397,Other,1980-02-04,2022-09-25,1,,email_872,Asian,,mail.com,finance,organic,39.137307,-90.989191,2022-09-25,US,68,"3,60",,import,emily,young,48569
873,no-at-sign,Brian,Thompson,7990 Main St,Dallas,Dallas County,NC,27306,mail.com,376-593-3756,Other,1963-06-21,2026-11-19,1,,email_873,Other,Rent,mail.com,music,football,34.118047,-78.287495,2026-11-19,US,14,"28,86",,web,brian,thompson,27306
874,double@@at.com,Michelle,Torres,9773 Main St,Phoenix,Phoenix County,AK,99235,company.co,795-125-1987,M,1983-05-26,2022-11-26,0,,email_874,Other,Own,company.co,technology,fitness,39.750879,-78.070267,2022-11-26,US,32,"42,79",1,manual,michelle,torres,99235
875,spaces in@email.com,Dorothy,Baker,8625 Main St,San Antonio,San Antonio County,OR,97748,company.co,778-794-8559,M,1959-12-10,2025-05-20,0,,email_875,Hispanic,Own,company.co,finance,domestic,43.242436,-120.410145,2025-05-20,US,90,"27,55",0,manual,dorothy,baker,97748
876,not-an-email,Sandra,Brown,3380 Main St,San Francisco,San Francisco County,NE,68019,example.com,695-925-3611,Other,1977-10-19,2020-07-05,0,,email_876,Asian,,example.com,sports,fitness,31.676754,-75.209533,2020-07-05,US,32,"41,57",,manual,sandra,brown,68019
877,@missing-local.com,Dorothy,Baker,6581 Main St,New York,New York County,TN,37342,mail.com,970-386-8454,Other,1953-03-28,2026-10-26,1,,email_877,Black,Rent,mail.com,music,casual,38.477139,-102.400585,2026-10-26,US,41,"19,71",1,import,dorothy,baker,37342
878,spaces in@email.com,James,Flores,8085 Main St,San Francisco,San Francisco County,WA,98690,business.io,935-597-9496,F,1971-06-19,2026-08-02,0,,email_878,,Rent,business.io,health,investing,39.761471,-86.693376,2026-08-02,US,69,"6,55",1,import,james,flores,98690
879,not-an-email,Michael,Clark,3802 Main St,Philadelphia,Philadelphia County,ME,03074,test.org,392-209-7729,M,1990-06-01,2021-10-21,1,,email_879,Hispanic,Own,test.org,food,investing,41.911417,-79.613089,2021-10-21,US,48,"8,53",,api,michael,clark,03074
880,fake.moore@web.net,fake,Moore,1504 Main St,Phoenix,Phoenix County,RI,02386,business.io,549-605-8731,F,1987-07-28,2021-08-21,1,,email_880,Other,Rent,business.io,sports,investing,46.956313,-82.791439,2021-08-21,US,100,"6,74",,import,fake,moore,02386
881,asdf.lee@business.io,asdf,Lee,4078 Main St,San Francisco,San Francisco County,ID,84937,mail.com,719-261-5434,F,1984-02-04,2023-11-25,1,,email_881,,,mail.com,food,football,26.765899,-107.514359,2023-11-25,US,82,"5,65",1,manual,asdf,lee,84937
882,aaa.young@business.io,aaa,Young,3011 Main St,San Diego,San Diego County,WY,82118,business.io,823-552-2897,F,1993-07-27,2023-07-18,0,,email_882,,Rent,business.io,health,rock,25.722418,-80.619190,2023-07-18,US,70,"29,82",1,import,aaa,young,82118
883,test.young@company.co,test,Young,7554 Main St,San Diego,San Diego County,AK,99942,company.co,618-339-2743,M,1967-07-18,2021-10-16,0,,email_883,,Own,company.co,music,investing,36.912513,-101.499887,2021-10-16,US,100,"28,70",,import,test,young,99942
884,null.rivera@example.com,null,Rivera,4201 Main St,Houston,Houston County,OK,74794,business.io,626-661-1596,F,1992-07-12,2024-10-10,0,,email_884,,,business.io,food,investing,43.981952,-87.245576,2024-10-10,US,8,"19,97",0,import,null,rivera,74794
885,deborah.xyz@test.org,Deborah,xyz,9288 Main St,San Antonio,San Antonio County,OK,73534,company.co,714-900-6265,M,1964-08-12,2026-05-06,0,,email_885,White,Own,company.co,music,football,46.204690,-118.534263,2026-05-06,US,4,"23,68",,manual,deborah,xyz,73534
886,thomas.qwerty@business.io,Thomas,qwerty,3002 Main St,Seattle,Seattle County,MS,38551,example.com,282-820-7722,F,1957-11-15,2021-02-14,0,,email_886,,,example.com,sports,mobile,47.702979,-117.521893,2021-02-14,US,8,"33,71",0,api,thomas,qwerty,38551
887,dorothy.qwerty@test.org,Dorothy,qwerty,6291 Main St,Columbus,Columbus County,IN,46808,company.co,305-357-5932,M,1959-09-06,2025-12-16,1,,email_887,,Own,company.co,travel,domestic,33.591733,-92.280624,2025-12-16,US,6,"18,55",,manual,dorothy,qwerty,46808
888,michelle.fake@example.com,Michelle,fake,9997 Main St,Jacksonville,Jacksonville County,OR,97670,mail.com,446-120-7220,M,2001-12-12,2020-08-02,0,,email_888,Hispanic,Rent,mail.com,music,football,46.808337,-86.677669,2020-08-02,US,20,"43,60",1,manual,michelle,fake,97670
889,patricia.xyz@web.net,Patricia,xyz,2817 Main St,San Jose,San Jose County,CA,93550,company.co,973-895-4596,Other,1977-11-03,2024-12-02,0,,email_889,White,Rent,company.co,finance,casual,39.778652,-94.312579,2024-12-02,US,89,"11,100",,web,patricia,xyz,93550
890,patricia.gonzalez@test.org,Patricia,Gonzalez,1146 Main St,New York,New York County,UT,96763,company.co,553-928-5818,F,1962-10-25,2025-11-08,0,,email_890,Hispanic,Rent,company.co,sports,mobile,38.443578,-88.460768,2025-11-08,US,44,"2,96",1,manual,patricia,gonzalez,96763
891,sarah.campbell@example.com,Sarah,Campbell,6907 Main St,Austin,Austin County,WI,02782,web.net,441-285-5076,F,1956-03-23,2020-09-08,1,,email_891,Asian,Own,web.net,food,mobile,44.019100,-88.049210,2020-09-08,US,90,"46,78",1,web,sarah,campbell,02782
892,barbara.rodriguez@mail.com,Barbara,Rodriguez,9938 Main St,Charlotte,Charlotte County,NM,02274,business.io,639-773-2669,M,1968-05-07,2020-12-12,1,,email_892,,Rent,business.io,technology,football,31.711447,-88.535171,2020-12-12,US,95,"38,63",1,api,barbara,rodriguez,02274
893,timothy.nguyen@mail.com,Timothy,Nguyen,7257 Main St,San Jose,San Jose County,PA,89095,company.co,692-277-6645,M,1984-08-23,2021-03-16,0,,email_893,White,Own,company.co,music,football,36.293257,-103.314786,2021-03-16,US,44,"14,65",,manual,timothy,nguyen,89095
894,richard.perez@example.com,Richard,Perez,677 Main St,Charlotte,Charlotte County,NV,41491,example.com,249-512-3215,Other,1971-04-22,2021-09-19,0,,email_894,,Own,example.com,fashion,casual,34.076902,-120.618026,2021-09-19,US,43,"13,99",0,manual,richard,perez,41491
895,linda.linda@test.org,Linda,Linda,5855 Main St,San Antonio,San Antonio County,AK,99929,business.io,227-175-5080,F,1988-07-13,2024-01-25,1,,email_895,Asian,Own,business.io,music,fitness,35.345593,-77.146101,2024-01-25,US,48,"46,70",,import,linda,linda,99929
896,brian.brian@example.com,Brian,Brian,9931 Main St,San Jose,San Jose County,MA,01350,mail.com,486-662-8412,F,1967-12-21,2023-01-22,1,,email_896,Hispanic,Rent,mail.com,music,investing,42.539842,-121.209949,2023-01-22,US,86,"35,83",0,import,brian,brian,01350
897,george.george@test.org,George,George,9989 Main St,Austin,Austin County,HI,97865,test.org,566-226-4726,M,1977-09-17,2025-08-01,0,,email_897,Hispanic,Own,test.org,finance,organic,45.694752,-89.929695,2025-08-01,US,79,"13,63",1,import,george,george,97865
898,miller@company.co,,Miller,7457 Main St,Washington,Washington County,CO,80312,business.io,307-497-9724,M,1975-07-07,2023-08-23,1,,email_898,Black,Rent,business.io,finance,organic,25.473624,-110.522374,2023-08-23,US,63,"1,68",0,web,,miller,80312
899,johnson@web.net,,Johnson,3964 Main St,Phoenix,Phoenix County,CO,81511,company.co,349-397-3365,F,1969-09-03,2022-11-24,0,,email_899,White,Rent,company.co,fashion,organic,42.427157,-90.100204,2022-11-24,US,8,"16,68",1,import,,johnson,81511
900,donna.harris900@business.io,Donna,Harris,688 Main St,Indianapolis,Indianapolis County,MA,01864,web.net,747-952-3740,M,1981-07-01,2023-02-26,1,,email_900,,Own,web.net,sports,football,40.093379,-95.417344,2023-02-26,US,71,"48,55",1,import,donna,harris,01864
901,sarah.rivera901@company.co,Sarah,Rivera,8652 Main St,Austin,Austin County,NJ,08891,web.net,858-244-7132,M,1998-10-28,2021-11-16,1,,email_901,White,Own,web.net,technology,rock,29.527621,-111.202792,2021-11-16,US,96,"34,71",1,manual,sarah,rivera,08891
902,margaret.robinson902@mail.com,Margaret,Robinson,2403 Main St,Chicago,Chicago County,AK,99641,test.org,487-598-4136,Other,1996-06-24,2024-05-22,1,,email_902,,Own,test.org,travel,mobile,42.525395,-105.552667,2024-05-22,US,93,"48,65",0,api,margaret,robinson,99641
903,amanda.flores903@test.org,Amanda,Flores,3394 Main St,San Diego,San Diego County,LA,71243,business.io,710-890-8940,Other,1960-12-26,2024-02-08,1,,email_903,Black,,business.io,finance,casual,35.952196,-99.864515,2024-02-08,US,99,"6,92",1,manual,amanda,flores,71243
904,sandra.lopez904@example.com,Sandra,Lopez,5867 Main St,Dallas,Dallas County,LA,71020,web.net,933-226-7944,F,1953-08-03,2020-04-17,1,,email_904,,Rent,web.net,finance,organic,42.307599,-99.335546,2020-04-17,US,15,"25,51",0,api,sandra,lopez,71020
905,david.flores905@example.com,David,Flores,594 Main St,Los Angeles,Los Angeles County,TN,37504,business.io,817-196-3071,Other,1999-10-24,2021-12-26,1,,email_905,Other,,business.io,fashion,investing,46.890192,-86.890214,2021-12-26,US,6,"24,98",1,manual,david,flores,37504
906,susan.hill906@mail.com,Susan,Hill,5574 Main St,Phoenix,Phoenix County,CO,80086,mail.com,318-607-3046,F,1984-10-21,2022-10-23,1,,email_906,Other,Rent,mail.com,food,mobile,32.568706,-97.685142,2022-10-23,US,54,"24,87",,import,susan,hill,80086
907,james.nguyen907@example.com,James,Nguyen,5927 Main St,Columbus,Columbus County,VA,23859,web.net,550-349-6308,F,1986-02-22,2024-06-26,1,,email_907,,Own,web.net,travel,organic,47.098863,-78.984024,2024-06-26,US,51,"14,58",1,web,james,nguyen,23859
908,michelle.scott908@mail.com,Michelle,Scott,4241 Main St,Phoenix,Phoenix County,MN,55055,example.com,281-604-4978,Other,1987-02-15,2022-03-25,1,,email_908,Other,,example.com,technology,fitness,32.981870,-83.936612,2022-03-25,US,71,"44,78",1,api,michelle,scott,55055
909,patricia.thompson909@mail.com,Patricia,Thompson,2377 Main St,Indianapolis,Indianapolis County,OK,73607,web.net,435-540-1991,M,1987-05-06,2023-09-19,1,,email_909,Black,,web.net,finance,organic,30.177546,-111.955126,2023-09-19,US,36,"32,69",,web,patricia,thompson,73607
910,steven.rivera910@company.co,Steven,Rivera,7312 Main St,Columbus,Columbus County,AR,71285,example.com,599-151-6095,F,2000-12-08,2026-08-16,1,,email_910,Asian,Own,example.com,finance,domestic,36.663018,-78.603896,2026-08-16,US,37,"29,51",1,import,steven,rivera,71285
911,kimberly.ramirez911@example.com,Kimberly,Ramirez,1984 Main St,Seattle,Seattle County,MD,21483,business.io,801-349-5596,F,1986-10-27,2022-06-23,1,,email_911,White,Own,business.io,health,football,29.968038,-93.097244,2022-06-23,US,27,"18,86",0,api,kimberly,ramirez,21483
912,james.lewis912@business.io,James,Lewis,7240 Main St,Columbus,Columbus County,MN,55487,mail.com,981-498-1406,Other,2003-12-05,2025-01-02,1,,email_912,Other,Rent,mail.com,music,domestic,43.000399,-86.878038,2025-01-02,US,30,"29,76",,manual,james,lewis,55487
913,steven.clark913@mail.com,Steven,Clark,1265 Main St,Denver,Denver County,AZ,86113,web.net,361-573-8023,Other,1973-12-06,2024-05-09,1,,email_913,Black,Rent,web.net,music,football,43.556823,-105.132166,2024-05-09,US,73,"8,88",0,import,steven,clark,86113
914,lisa.harris914@company.co,Lisa,Harris,7078 Main St,Jacksonville,Jacksonville County,ID,84402,company.co,274-770-6092,M,1991-11-20,2023-07-27,1,,email_914,,Own,company.co,music,fitness,36.168099,-111.039016,2023-07-27,US,41,"43,69",1,web,lisa,harris,84402
915,donna.miller915@example.com,Donna,Miller,1198 Main St,Phoenix,Phoenix County,KY,41061,web.net,969-906-3783,Other,1981-04-28,2024-09-11,1,,email_915,,Rent,web.net,sports,domestic,28.616857,-85.206338,2024-09-11,US,60,"5,96",0,api,donna,miller,41061
916,matthew.ramirez916@mail.com,Matthew,Ramirez,7147 Main St,Washington,Washington County,PA,18342,test.org,953-648-5094,M,1988-04-21,2023-11-28,1,,email_916,Hispanic,Own,test.org,music,investing,30.865226,-95.711245,2023-11-28,US,76,"5,80",0,import,matthew,ramirez,18342
917,karen.king917@test.org,Karen,King,845 Main St,Washington,Washington County,WV,26610,test.org,683-950-4755,Other,2002-10-08,2022-02-18,1,,email_917,Black,,test.org,music,domestic,41.551357,-84.408496,2022-02-18,US,63,"3,66",0,api,karen,king,26610
918,james.scott918@mail.com,James,Scott,6056 Main St,New York,New York County,DE,19221,business.io,438-950-7526,M,1968-10-21,2020-07-24,1,,email_918,White,Own,business.io,fashion,organic,25.933927,-86.350280,2020-07-24,US,93,"28,73",,import,james,scott,19221
919,timothy.robinson919@example.com,Timothy,Robinson,4931 Main St,Houston,Houston County,NE,69262,company.co,606-772-3529,M,1985-07-22,2023-09-21,1,,email_919,Asian,Rent,company.co,travel,fitness,35.276867,-90.505474,2023-09-21,US,28,"32,68",1,manual,timothy,robinson,69262
920,mark.garcia920@test.org,Mark,Garcia,4813 Main St,Dallas,Dallas County,DC,20602,mail.com,712-124-9870,Other,1970-10-20,2023-11-17,1,,email_920,,,mail.com,technology,fitness,47.147249,-94.382073,2023-11-17,US,96,"40,95",1,web,mark,garcia,20602
921,lisa.scott921@example.com,Lisa,Scott,6577 Main St,Los Angeles,Los Angeles County,AL,35985,company.co,241-382-7460,Other,1950-04-19,2024-01-04,1,,email_921,Asian,,company.co,fashion,investing,28.266628,-116.413976,2024-01-04,US,40,"20,97",,manual,lisa,scott,35985
922,timothy.lee922@web.net,Timothy,Lee,3666 Main St,Austin,Austin County,IA,50259,mail.com,342-925-3114,M,2003-02-07,2026-11-01,1,,email_922,Other,Own,mail.com,finance,fitness,31.603224,-90.262483,2026-11-01,US,54,"19,75",0,manual,timothy,lee,50259
923,christopher.taylor923@example.com,Christopher,Taylor,4673 Main St,San Jose,San Jose County,OK,74204,test.org,462-297-4130,Other,1994-10-22,2023-11-20,1,,email_923,White,Own,test.org,technology,rock,37.897873,-114.941683,2023-11-20,US,10,"41,84",1,manual,christopher,taylor,74204
924,barbara.baker924@mail.com,Barbara,Baker,5414 Main St,Houston,Houston County,FL,32078,company.co,302-408-6461,M,1998-07-14,2023-12-22,1,,email_924,Other,Rent,company.co,travel,fitness,41.037369,-73.039335,2023-12-22,US,52,"1,95",,manual,barbara,baker,32078
925,anthony.davis925@business.io,Anthony,Davis,759 Main St,San Antonio,San Antonio County,VT,05112,mail.com,919-476-8687,Other,1994-11-16,2020-06-23,1,,email_925,Asian,Own,mail.com,travel,rock,42.307407,-91.887983,2020-06-23,US,92,"11,75",,import,anthony,davis,05112
926,linda.ramirez926@mail.com,Linda,Ramirez,4892 Main St,Dallas,Dallas County,NH,03742,web.net,729-792-2899,Other,1961-11-17,2026-10-25,1,,email_926,White,Own,web.net,fashion,domestic,40.763451,-106.176511,2026-10-25,US,65,"13,63",1,import,linda,ramirez,03742
927,barbara.rodriguez927@business.io,Barbara,Rodriguez,7946 Main St,Seattle,Seattle County,TX,76972,test.org,407-424-9606,M,2003-04-14,2023-06-25,1,,email_927,White,Own,test.org,travel,rock,35.965466,-98.063866,2023-06-25,US,14,"43,64",1,api,barbara,rodriguez,76972
928,michelle.campbell928@web.net,Michelle,Campbell,7315 Main St,Jacksonville,Jacksonville County,NV,88873,business.io,910-628-9255,Other,2001-02-13,2021-06-20,1,,email_928,White,,business.io,food,organic,47.259662,-105.324371,2021-06-20,US,96,"6,92",1,web,michelle,campbell,88873
929,michael.nguyen929@web.net,Michael,Nguyen,5611 Main St,Charlotte,Charlotte County,NJ,07505,mail.com,831-509-2866,F,1969-08-28,2022-06-24,1,,email_929,White,Own,mail.com,fashion,casual,39.554525,-74.630820,2022-06-24,US,65,"8,72",0,import,michael,nguyen,07505
930,dorothy.walker930@web.net,Dorothy,Walker,5293 Main St,San Diego,San Diego County,CO,80465,mail.com,904-963-3207,F,1973-09-27,2026-06-13,1,,email_930,Hispanic,Rent,mail.com,health,casual,47.743350,-107.796613,2026-06-13,US,48,"7,58",0,web,dorothy,walker,80465
931,richard.garcia931@web.net,Richard,Garcia,3487 Main St,Phoenix,Phoenix County,SC,29281,business.io,577-443-7517,M,1993-03-05,2024-08-11,1,,email_931,Hispanic,Rent,business.io,health,domestic,37.271942,-74.641409,2024-08-11,US,75,"5,68",1,api,richard,garcia,29281
932,kimberly.green932@mail.com,Kimberly,Green,4488 Main St,Austin,Austin County,WI,53325,web.net,455-557-6263,F,1979-11-27,2021-03-01,1,,email_932,Other,,web.net,finance,football,33.205177,-110.985002,2021-03-01,US,50,"4,83",1,manual,kimberly,green,53325
933,anthony.nguyen933@test.org,Anthony,Nguyen,508 Main St,Fort Worth,Fort Worth County,ME,04745,test.org,552-992-2917,Other,1967-03-14,2020-10-05,1,,email_933,,Own,test.org,sports,rock,47.776788,-115.775597,2020-10-05,US,68,"25,96",,api,anthony,nguyen,04745
934,michael.mitchell934@mail.com,Michael,Mitchell,9519 Main St,Los Angeles,Los Angeles County,CA,95634,business.io,321-552-1414,M,2005-09-21,2020-05-04,1,,email_934,Asian,Rent,business.io,music,casual,40.882558,-79.464439,2020-05-04,US,81,"29,96",0,web,michael,mitchell,95634
935,anthony.scott935@web.net,Anthony,Scott,6363 Main St,Chicago,Chicago County,MS,39622,mail.com,639-471-9753,M,1986-03-23,2025-05-27,1,,email_935,,Rent,mail.com,sports,investing,33.638529,-110.585729,2025-05-27,US,1,"7,61",1,import,anthony,scott,39622
936,david.allen936@mail.com,David,Allen,6829 Main St,Charlotte,Charlotte County,NH,03952,web.net,709-729-7835,M,1982-05-28,2020-10-26,1,,email_936,,,web.net,sports,football,46.926229,-98.452209,2020-10-26,US,10,"26,60",0,manual,david,allen,03952
937,michelle.roberts937@company.co,Michelle,Roberts,6560 Main St,Phoenix,Phoenix County,WY,83076,business.io,470-331-5530,M,1972-12-14,2025-11-04,1,,email_937,Black,Own,business.io,sports,casual,34.850835,-70.804846,2025-11-04,US,55,"9,52",1,api,michelle,roberts,83076
938,william.rivera938@business.io,William,Rivera,5976 Main St,Indianapolis,Indianapolis County,OR,97056,web.net,510-622-1582,M,2003-05-14,2023-09-04,1,,email_938,Asian,Rent,web.net,sports,fitness,34.720757,-75.193998,2023-09-04,US,69,"48,56",,web,william,rivera,97056
939,kenneth.roberts939@mail.com,Kenneth,Roberts,2490 Main St,Dallas,Dallas County,AR,72860,company.co,350-898-9355,M,1979-09-11,2021-08-12,1,,email_939,Black,Own,company.co,music,mobile,42.468022,-82.338206,2021-08-12,US,45,"23,91",0,api,kenneth,roberts,72860
940,susan.garcia940@mail.com,Susan,Garcia,6419 Main St,San Diego,San Diego County,HI,97595,test.org,396-168-3199,M,1954-06-16,2026-09-01,1,,email_940,Asian,Own,test.org,health,domestic,26.946682,-93.623760,2026-09-01,US,93,"19,76",1,web,susan,garcia,97595
941,amanda.lewis941@business.io,Amanda,Lewis,2636 Main St,Austin,Austin County,LA,71927,business.io,669-294-2650,M,1973-09-27,2023-10-27,1,,email_941,Black,Own,business.io,sports,fitness,29.743769,-123.320296,2023-10-27,US,30,"44,85",1,manual,amanda,lewis,71927
942,donna.scott942@company.co,Donna,Scott,9965 Main St,Philadelphia,Philadelphia County,OH,45632,business.io,422-336-7273,Other,1957-09-11,2024-03-25,1,,email_942,Black,Own,business.io,food,investing,26.186748,-72.169476,2024-03-25,US,93,"13,88",,web,donna,scott,45632
943,barbara.allen943@business.io,Barbara,Allen,2659 Main St,Denver,Denver County,OK,74301,company.co,722-654-8673,Other,1997-06-04,2020-12-18,1,,email_943,,,company.co,finance,fitness,27.325971,-121.790523,2020-12-18,US,66,"5,55",,manual,barbara,allen,74301
944,george.wilson944@company.co,George,Wilson,4375 Main St,San Diego,San Diego County,CA,96671,test.org,989-311-2325,F,1986-11-19,2023-03-18,1,,email_944,Asian,Rent,test.org,finance,fitness,27.020450,-104.318676,2023-03-18,US,15,"6,85",0,api,george,wilson,96671
945,daniel.walker945@company.co,Daniel,Walker,3710 Main St,Chicago,Chicago County,KS,67950,business.io,444-958-8417,Other,1995-01-24,2021-12-22,1,,email_945,White,Rent,business.io,health,casual,39.462717,-94.135496,2021-12-22,US,44,"6,86",1,manual,daniel,walker,67950
946,melissa.smith946@company.co,Melissa,Smith,2634 Main St,Los Angeles,Los Angeles County,LA,71881,test.org,845-968-3436,M,1997-08-09,2025-06-14,1,,email_946,White,Own,test.org,fashion,fitness,30.761269,-115.808061,2025-06-14,US,81,"2,54",1,web,melissa,smith,71881
947,jennifer.brown947@example.com,Jennifer,Brown,4437 Main St,Houston,Houston County,ME,03742,business.io,409-324-9804,M,2003-10-13,2025-02-27,1,,email_947,Other,Rent,business.io,sports,rock,39.606826,-116.293001,2025-02-27,US,42,"27,99",0,api,jennifer,brown,03742
948,charles.rivera948@business.io,Charles,Rivera,5187 Main St,Houston,Houston County,NH,03196,example.com,809-544-3798,M,2005-11-06,2022-11-22,1,,email_948,Hispanic,Rent,example.com,music,investing,45.868483,-95.954093,2022-11-22,US,66,"42,73",,manual,charles,rivera,03196
949,john.lewis949@example.com,John,Lewis,374 Main St,Chicago,Chicago County,RI,02402,company.co,214-638-9598,F,1997-06-19,2023-10-21,1,,email_949,Asian,Own,company.co,sports,organic,25.251913,-79.090247,2023-10-21,US,39,"23,80",0,manual,john,lewis,02402
950,william.adams950@mail.com,William,Adams,9815 Main St,New York,New York County,DC,20522,example.com,805-894-6544,Other,2002-03-12,2023-09-08,1,,email_950,White,Own,example.com,music,organic,41.316093,-119.757312,2023-09-08,US,88,"29,57",,manual,william,adams,20522
951,carol.garcia951@test.org,Carol,Garcia,5786 Main St,Washington,Washington County,IL,60015,test.org,575-701-9362,M,1962-05-13,2021-12-08,1,,email_951,Other,Rent,test.org,sports,fitness,33.671177,-122.200246,2021-12-08,US,28,"9,98",,import,carol,garcia,60015
952,sarah.baker952@business.io,Sarah,Baker,6836 Main St,Austin,Austin County,DC,20837,mail.com,386-169-1566,Other,1988-12-01,2026-06-09,1,,email_952,Hispanic,Rent,mail.com,travel,domestic,39.210076,-70.678826,2026-06-09,US,75,"47,77",1,web,sarah,baker,20837
953,thomas.roberts953@business.io,Thomas,Roberts,7786 Main St,San Diego,San Diego County,WA,98597,company.co,414-804-8706,M,2005-09-17,2022-10-23,1,,email_953,Other,Rent,company.co,technology,football,28.207495,-112.146973,2022-10-23,US,43,"30,57",,manual,thomas,roberts,98597
954,ashley.taylor954@business.io,Ashley,Taylor,922 Main St,San Diego,San Diego County,OH,44937,web.net,987-419-8582,M,1982-04-24,2021-01-26,1,,email_954,Hispanic,,web.net,fashion,football,31.853256,-74.459885,2021-01-26,US,15,"1,93",1,api,ashley,taylor,44937
955,timothy.carter955@business.io,Timothy,Carter,2723 Main St,Indianapolis,Indianapolis County,AZ,86393,example.com,248-175-3465,M,1961-09-02,2023-01-27,1,,email_955,Hispanic,Rent,example.com,fashion,mobile,44.794063,-74.693039,2023-01-27,US,53,"26,81",0,web,timothy,carter,86393
956,timothy.rivera956@company.co,Timothy,Rivera,7261 Main St,Jacksonville,Jacksonville County,ND,58181,mail.com,765-905-7096,Other,1995-01-02,2023-10-15,1,,email_956,Hispanic,Rent,mail.com,fashion,investing,28.300721,-79.325652,2023-10-15,US,2,"25,76",0,api,timothy,rivera,58181
957,nancy.wright957@mail.com,Nancy,Wright,2196 Main St,New York,New York County,KY,40371,mail.com,202-127-7087,M,1966-09-28,2026-02-24,1,,email_957,Asian,,mail.com,technology,fitness,30.148560,-121.730229,2026-02-24,US,3,"8,78",0,web,nancy,wright,40371
958,melissa.lopez958@company.co,Melissa,Lopez,1297 Main St,San Francisco,San Francisco County,AK,99610,company.co,736-395-1745,M,1987-07-04,2025-08-23,1,,email_958,Asian,,company.co,health,casual,42.131751,-117.194860,2025-08-23,US,4,"29,90",,api,melissa,lopez,99610
959,karen.thompson959@company.co,Karen,Thompson,1678 Main St,Indianapolis,Indianapolis County,NH,03083,test.org,843-328-2226,F,1990-06-25,2022-01-17,1,,email_959,White,,test.org,health,casual,43.053873,-74.946535,2022-01-17,US,30,"43,71",0,web,karen,thompson,03083
960,carol.jackson960@web.net,Carol,Jackson,8692 Main St,Columbus,Columbus County,CA,91664,mail.com,565-283-4854,Other,1981-04-20,2026-11-22,1,,email_960,Hispanic,,mail.com,fashion,casual,30.433179,-104.823486,2026-11-22,US,57,"12,94",,manual,carol,jackson,91664
961,amanda.clark961@business.io,Amanda,Clark,9638 Main St,Philadelphia,Philadelphia County,OH,43680,example.com,805-519-2878,F,1959-08-28,2021-05-03,1,,email_961,Asian,,example.com,travel,fitness,35.822847,-79.344258,2021-05-03,US,89,"47,87",0,manual,amanda,clark,43680
962,john.lewis962@web.net,John,Lewis,717 Main St,Denver,Denver County,MO,63396,web.net,713-432-3709,Other,1959-05-04,2021-10-19,1,,email_962,Other,Own,web.net,finance,football,28.163630,-108.772904,2021-10-19,US,77,"4,70",0,web,john,lewis,63396
963,anthony.moore963@web.net,Anthony,Moore,6260 Main St,San Antonio,San Antonio County,MI,49615,example.com,284-560-4379,M,2003-12-06,2021-12-22,1,,email_963,Hispanic,Own,example.com,finance,mobile,36.674368,-121.557933,2021-12-22,US,32,"31,85",0,web,anthony,moore,49615
964,karen.davis964@company.co,Karen,Davis,2392 Main St,Jacksonville,Jacksonville County,HI,97387,mail.com,911-182-8020,F,1968-02-16,2021-08-06,1,,email_964,White,Rent,mail.com,finance,mobile,44.435533,-90.388845,2021-08-06,US,66,"2,84",1,import,karen,davis,97387
965,,Michael,Rodriguez,2687 Main St,Phoenix,Phoenix County,MI,48710,example.com,481-920-1351,M,1966-07-06,2020-05-28,0,,email_965,Other,Rent,example.com,fashion,fitness,25.564641,-109.080709,2020-05-28,US,58,"34,71",0,web,michael,rodriguez,48710
966,,Mary,Garcia,1557 Main St,Austin,Austin County,MD,21604,example.com,258-597-3876,F,1990-02-26,2022-06-20,1,,email_966,Black,,example.com,fashion,casual,43.520723,-116.260676,2022-06-20,US,4,"17,59",,manual,mary,garcia,21604
967,,Mark,Jones,7808 Main St,Houston,Houston County,PA,18651,web.net,952-553-9915,M,1968-04-17,2022-02-23,1,,email_967,,,web.net,sports,rock,31.269346,-118.114324,2022-02-23,US,11,"20,86",,api,mark,jones,18651
968,,Nancy,Williams,8423 Main St,Los Angeles,Los Angeles County,MN,55782,example.com,420-216-4654,M,1950-06-09,2025-07-08,0,,email_968,White,Own,example.com,health,fitness,37.208304,-85.949657,2025-07-08,US,77,"49,83",,api,nancy,williams,55782
969,,Linda,Perez,3918 Main St,Seattle,Seattle County,TN,37536,example.com,333-478-5232,M,1951-12-28,2020-04-11,1,,email_969,Asian,Rent,example.com,technology,rock,30.053385,-111.439335,2020-04-11,US,52,"27,53",,manual,linda,perez,37536
970,,Michelle,Harris,1541 Main St,Phoenix,Phoenix County,DC,20211,test.org,356-327-3067,F,1955-09-04,2021-02-08,1,,email_970,Black,Rent,test.org,food,domestic,39.379080,-92.458107,2021-02-08,US,85,"1,56",0,import,michelle,harris,20211
971,,Sandra,Taylor,6966 Main St,Jacksonville,Jacksonville County,AR,72586,web.net,639-904-6672,Other,1966-02-06,2024-04-01,0,,email_971,Other,Rent,web.net,technology,organic,33.363934,-71.449425,2024-04-01,US,41,"50,86",0,web,sandra,taylor,72586
972,,Kevin,Green,3450 Main St,San Antonio,San Antonio County,MN,55447,business.io,920-944-5286,Other,1993-08-10,2024-06-19,1,,email_972,Black,Own,business.io,sports,domestic,37.970036,-121.163022,2024-06-19,US,37,"10,52",,import,kevin,green,55447
973,spaces in@email.com,Donald,Thompson,8697 Main St,Fort Worth,Fort Worth County,IA,50689,company.co,933-699-5419,F,1972-10-25,2024-08-12,1,,email_973,White,,company.co,health,organic,40.337328,-106.603878,2024-08-12,US,93,"16,92",0,api,donald,thompson,50689
974,@missing-local.com,Michelle,Walker,910 Main St,San Jose,San Jose County,MD,22642,mail.com,352-663-7800,F,1955-02-08,2024-07-11,1,,email_974,Black,Rent,mail.com,music,football,33.981725,-121.298044,2024-07-11,US,43,"42,57",0,api,michelle,walker,22642
975,no-at-sign,Lisa,Thomas,5694 Main St,New York,New York County,DE,19201,business.io,255-629-9294,Other,1993-01-13,2023-05-23,0,,email_975,White,,business.io,travel,domestic,34.390662,-116.751766,2023-05-23,US,24,"45,94",0,api,lisa,thomas,19201
976,double@@at.com,Melissa,Young,2121 Main St,Indianapolis,Indianapolis County,HI,96146,web.net,598-262-8001,M,1976-10-11,2025-06-05,1,,email_976,Hispanic,Own,web.net,fashion,casual,33.440981,-83.804287,2025-06-05,US,19,"43,87",0,web,melissa,young,96146
977,not-an-email,Carol,Brown,4755 Main St,Dallas,Dallas County,KS,66822,company.co,244-420-5312,Other,1995-10-09,2024-12-20,1,,email_977,,Rent,company.co,fashion,casual,28.177301,-109.990291,2024-12-20,US,54,"40,53",,manual,carol,brown,66822
978,no-at-sign,Mark,Allen,3369 Main St,Chicago,Chicago County,NE,68404,test.org,424-430-9594,F,1974-06-23,2024-03-05,0,,email_978,Hispanic,,test.org,music,investing,35.957945,-76.785009,2024-03-05,US,38,"41,94",1,web,mark,allen,68404
979,spaces in@email.com,Linda,Green,7090 Main St,Columbus,Columbus County,ME,04014,example.com,547-260-3588,M,1978-10-27,2022-09-21,0,,email_979,Black,Rent,example.com,health,domestic,46.656149,-109.984667,2022-09-21,US,9,"3,96",,web,linda,green,04014
980,null.martin@web.net,null,Martin,730 Main St,Indianapolis,Indianapolis County,ID,83831,web.net,410-437-1629,Other,2000-01-08,2024-06-15,0,,email_980,Asian,Own,web.net,music,football,26.371895,-118.177360,2024-06-15,US,99,"15,57",1,import,null,martin,83831
981,null.johnson@example.com,null,Johnson,9474 Main St,Phoenix,Phoenix County,PA,18925,business.io,480-347-4557,M,1985-07-27,2025-02-25,1,,email_981,Hispanic,,business.io,technology,domestic,35.533446,-107.444124,2025-02-25,US,62,"26,56",0,api,null,johnson,18925
982,admin.jackson@test.org,admin,Jackson,3325 Main St,Columbus,Columbus County,NY,10992,web.net,850-520-8592,F,1990-07-23,2023-12-11,1,,email_982,White,,web.net,health,mobile,31.517679,-114.789242,2023-12-11,US,68,"18,91",0,api,admin,jackson,10992
983,admin.lewis@business.io,admin,Lewis,3327 Main St,Austin,Austin County,VT,05012,business.io,826-897-7104,F,1962-05-16,2025-10-02,1,,email_983,Asian,,business.io,fashion,rock,43.810908,-81.184488,2025-10-02,US,62,"38,56",1,web,admin,lewis,05012
984,test.hall@mail.com,test,Hall,8732 Main St,Indianapolis,Indianapolis County,NV,89175,test.org,484-763-6099,Other,1995-05-13,2025-05-21,0,,email_984,White,Rent,test.org,health,fitness,32.998597,-115.830684,2025-05-21,US,16,"22,76",,api,test,hall,89175
985,sarah.qwerty@mail.com,Sarah,qwerty,898 Main St,Phoenix,Phoenix County,MN,56777,company.co,649-186-4814,M,1953-10-03,2021-10-11,1,,email_985,Hispanic,Rent,company.co,food,fitness,41.159124,-92.235577,2021-10-11,US,93,"20,88",0,web,sarah,qwerty,56777
986,matthew.qwerty@web.net,Matthew,qwerty,4404 Main St,New York,New York County,LA,70527,web.net,838-201-5118,M,1992-09-10,2022-07-11,0,,email_986,,Rent,web.net,travel,fitness,35.208533,-118.592324,2022-07-11,US,97,"9,88",1,api,matthew,qwerty,70527
987,susan.xyz@business.io,Susan,xyz,6288 Main St,Los Angeles,Los Angeles County,NM,88889,example.com,431-638-6386,Other,1982-02-19,2020-10-05,0,,email_987,Hispanic,Rent,example.com,finance,rock,32.126324,-85.452158,2020-10-05,US,89,"16,86",,api,susan,xyz,88889
988,mark.dummy@mail.com,Mark,dummy,6236 Main St,Austin,Austin County,IN,47262,test.org,588-696-2122,M,1966-03-28,2026-08-21,1,,email_988,Asian,Rent,test.org,fashion,domestic,40.229107,-82.017892,2026-08-21,US,54,"28,89",1,api,mark,dummy,47262
989,elizabeth.dummy@mail.com,Elizabeth,dummy,5614 Main St,Seattle,Seattle County,NC,27524,web.net,835-434-3733,F,1996-09-11,2022-09-05,1,,email_989,,Own,web.net,technology,casual,34.038532,-77.303740,2022-09-05,US,90,"46,89",,web,elizabeth,dummy,27524
990,amanda.green@business.io,Amanda,Green,6585 Main St,Seattle,Seattle County,IN,45885,business.io,296-728-3089,F,2001-12-06,2020-06-28,0,,email_990,White,Rent,business.io,fashion,investing,42.083131,-116.434186,2020-06-28,US,78,"13,91",,import,amanda,green,45885
991,michael.moore@business.io,Michael,Moore,7497 Main St,Houston,Houston County,NH,66506,web.net,218-363-9973,F,1999-09-13,2025-03-20,0,,email_991,Asian,Rent,web.net,sports,domestic,42.436240,-90.042824,2025-03-20,US,78,"26,63",0,import,michael,moore,66506
992,brian.sanchez@web.net,Brian,Sanchez,749 Main St,Columbus,Columbus County,ND,22364,mail.com,207-229-4924,F,1975-11-08,2026-11-21,0,,email_992,Other,Rent,mail.com,music,football,26.200830,-97.425403,2026-11-21,US,15,"31,77",1,manual,brian,sanchez,22364
993,joseph.brown@company.co,Joseph,Brown,1933 Main St,Indianapolis,Indianapolis County,TX,98826,test.org,680-739-7217,Other,1998-03-10,2024-10-02,1,,email_993,,,test.org,travel,mobile,33.590431,-118.024881,2024-10-02,US,8,"22,94",,import,joseph,brown,98826
994,kimberly.wright@web.net,Kimberly,Wright,9783 Main St,Columbus,Columbus County,MI,47918,company.co,914-613-8119,F,1983-06-18,2023-08-22,0,,email_994,,,company.co,finance,investing,29.913162,-112.652486,2023-08-22,US,42,"21,55",1,web,kimberly,wright,47918
995,elizabeth.elizabeth@example.com,Elizabeth,Elizabeth,9379 Main St,Philadelphia,Philadelphia County,DC,20795,company.co,835-617-4937,M,1964-11-17,2021-12-09,0,,email_995,,Own,company.co,health,domestic,42.233333,-110.695194,2021-12-09,US,36,"47,52",0,import,elizabeth,elizabeth,20795
996,carol.carol@test.org,Carol,Carol,3774 Main St,San Francisco,San Francisco County,PA,16149,company.co,949-380-9609,Other,1956-06-08,2020-11-02,0,,email_996,Black,Rent,company.co,travel,rock,40.719111,-83.905988,2020-11-02,US,98,"12,94",,web,carol,carol,16149
997,richard.richard@mail.com,Richard,Richard,657 Main St,Seattle,Seattle County,NV,88350,business.io,275-476-1009,Other,1999-06-07,2024-11-06,1,,email_997,Hispanic,Rent,business.io,technology,casual,30.719702,-90.422214,2024-11-06,US,87,"15,92",,import,richard,richard,88350
998,ramirez@mail.com,,Ramirez,4627 Main St,Washington,Washington County,AZ,86130,mail.com,206-991-1376,M,1951-04-14,2020-09-11,1,,email_998,Black,Rent,mail.com,sports,organic,28.050267,-119.387637,2020-09-11,US,98,"31,77",0,api,,ramirez,86130
999,perez@test.org,,Perez,7599 Main St,Washington,Washington County,OR,97090,test.org,707-413-9985,Other,1983-07-27,2025-05-11,0,,email_999,,Rent,test.org,travel,rock,32.760258,-92.936877,2025-05-11,US,39,"46,74",0,api,,perez,97090
1000,jessica.allen1000@mail.com,Jessica,Allen,1016 Main St,Phoenix,Phoenix County,NM,88887,test.org,949-771-4561,Other,1991-11-06,2022-08-25,1,,email_1000,Asian,,test.org,music,rock,26.480574,-109.958086,2022-08-25,US,22,"49,80",,web,jessica,allen,88887
